Date,Open,High,Low,Close,Volume
2007-09-24,305.0,289.75,289.75,289.75,160400.0
2007-09-25,289.75,275.3,275.3,275.3,205600.0
2007-09-26,275.3,284.5,266.0,280.5,12770900.0
2007-09-27,280.5,287.5,278.6,279.0,6365800.0
2007-09-28,279.0,283.5,272.5,278.95,4375000.0
2007-10-01,278.95,287.75,282.1,284.5,5641900.0
2007-10-02,284.5,296.8,285.05,294.9,9910100.0
2007-10-03,294.9,299.85,292.5,294.05,4875900.0
2007-10-04,294.05,298.9,290.0,297.5,5273400.0
2007-10-05,297.5,302.95,292.05,292.15,4314700.0
2007-10-08,292.15,299.5,294.0,295.5,2762300.0
2007-10-09,295.5,302.0,292.3,298.7,5718400.0
2007-10-11,298.7,302.9,296.0,298.0,4542400.0
2007-10-17,298.0,295.0,285.0,289.95,5190600.0
2007-10-18,289.95,293.0,285.5,285.55,2377500.0
2007-10-19,285.55,286.25,281.0,284.5,1108000.0
2007-10-22,284.5,284.9,275.4,275.8,1172900.0
2007-10-23,275.8,279.0,271.0,273.5,1287700.0
2007-10-24,273.5,274.5,266.05,269.0,1108200.0
2007-10-25,269.0,274.4,268.1,271.0,1338300.0
2007-10-26,271.0,273.9,268.0,268.75,713500.0
2007-10-29,268.75,270.95,265.5,265.5,490200.0
2007-10-30,265.5,267.9,256.15,257.0,1178500.0
2007-10-31,257.0,269.0,253.0,268.1,1827900.0
2007-11-01,268.1,267.0,257.1,257.75,1358900.0
2007-11-02,257.75,261.0,252.75,255.1,968300.0
2007-11-05,255.1,253.95,242.35,246.1,1328700.0
2007-11-06,246.1,253.5,244.5,252.0,1219800.0
2007-11-07,252.0,252.25,249.0,250.25,440000.0
2007-11-08,250.25,249.9,244.1,245.25,514500.0
2007-11-12,245.25,251.9,248.0,249.15,580500.0
2007-11-13,249.15,251.85,247.05,249.0,972400.0
2007-11-14,249.0,260.4,248.25,255.1,6119300.0
2007-11-15,255.1,258.0,246.15,249.0,1599400.0
2007-11-16,249.0,255.0,249.05,252.1,1334300.0
2007-11-19,252.1,253.5,248.0,251.15,1125300.0
2007-11-20,251.15,253.0,250.5,250.55,873100.0
2007-11-21,250.55,253.4,249.5,250.25,1056400.0
2007-11-22,250.25,258.45,250.0,253.25,2374000.0
2007-11-23,253.25,256.8,252.0,252.65,704600.0
2007-11-26,252.65,265.25,252.1,264.25,5456700.0
2007-11-27,264.25,265.7,257.5,258.0,3675300.0
2007-11-28,258.0,263.0,256.75,259.5,2452600.0
2007-11-29,259.5,263.5,259.25,259.6,2106000.0
2007-11-30,259.6,262.5,258.0,258.7,1261000.0
2007-12-03,258.7,260.5,255.55,256.5,683700.0
2007-12-04,256.5,258.45,254.4,257.4,771500.0
2007-12-05,257.4,260.8,257.25,258.4,1205000.0
2007-12-06,258.4,263.75,258.65,262.25,3131700.0
2007-12-07,262.25,264.9,260.5,261.5,2104800.0
2007-12-10,261.5,263.0,260.1,260.4,1029600.0
2007-12-11,260.4,263.9,259.4,261.95,2665400.0
2007-12-12,261.95,263.9,259.5,260.25,1175000.0
2007-12-13,260.25,261.25,256.0,256.0,673200.0
2007-12-14,256.0,257.5,254.0,254.0,608300.0
2007-12-17,254.0,256.5,253.15,253.15,251300.0
2007-12-18,253.15,255.0,251.6,252.0,262800.0
2007-12-19,252.0,254.0,251.75,252.5,246300.0
2007-12-24,252.5,255.5,253.0,254.0,638500.0
2007-12-26,254.0,256.45,253.15,253.5,642600.0
2007-12-27,253.5,255.9,252.5,252.5,446600.0
2007-12-31,252.5,239.9,239.9,239.9,49000.0
2008-01-01,239.9,233.0,227.95,227.95,1900800.0
2008-01-02,227.95,231.9,216.6,218.0,1569700.0
2008-01-03,218.0,228.9,224.0,228.9,1143800.0
2008-01-04,228.9,239.0,229.0,235.8,1339800.0
2008-01-07,235.8,239.5,232.0,238.0,1254800.0
2008-01-08,238.0,240.95,237.2,240.25,1231300.0
2008-01-09,240.25,252.25,238.8,252.25,4099800.0
2008-01-10,252.25,264.85,252.1,263.75,6006400.0
2008-01-11,263.75,272.5,258.0,266.0,6233500.0
2008-01-14,266.0,272.0,262.0,265.0,2907300.0
2008-01-15,265.0,266.75,262.0,264.05,2192600.0
2008-01-16,264.05,265.8,259.6,259.6,2080100.0
2008-01-17,259.6,260.4,253.5,254.5,2809200.0
2008-01-18,254.5,267.2,254.15,267.2,1884900.0
2008-01-21,267.2,273.95,257.2,262.0,2067600.0
2008-01-22,262.0,260.1,256.0,256.05,3315000.0
2008-01-23,256.05,259.45,253.1,253.95,723400.0
2008-01-24,253.95,256.5,250.65,251.75,407300.0
2008-01-25,251.75,256.5,251.75,254.95,467600.0
2008-01-28,254.95,260.75,254.0,255.05,869400.0
2008-01-29,255.05,260.2,255.55,256.05,1042800.0
2008-01-30,256.05,258.85,254.1,254.3,357900.0
2008-01-31,254.3,255.9,253.25,253.5,299100.0
2008-02-01,253.5,255.5,253.05,253.5,297800.0
2008-02-04,253.5,259.0,253.8,257.75,1027800.0
2008-02-06,257.75,261.2,257.0,260.0,1559700.0
2008-02-07,260.0,261.9,258.1,260.7,1019100.0
2008-02-08,260.7,271.8,260.5,269.8,4478400.0
2008-02-11,269.8,272.15,265.25,265.5,1666700.0
2008-02-12,265.5,269.8,265.5,268.05,663000.0
2008-02-13,268.05,277.25,267.1,273.1,7724800.0
2008-02-14,273.1,276.0,269.1,274.5,6223200.0
2008-02-15,274.5,276.0,272.0,275.5,4681400.0
2008-02-19,275.5,289.25,276.7,289.25,2741200.0
2008-02-20,289.25,296.0,284.2,285.2,3958800.0
2008-02-21,285.2,289.25,286.0,286.0,998000.0
2008-02-22,286.0,286.65,282.0,284.0,1113500.0
2008-02-25,284.0,290.5,284.1,288.0,2810800.0
2008-02-26,288.0,298.2,287.6,294.65,3762800.0
2008-02-27,294.65,305.0,291.0,304.7,8897700.0
2008-02-28,304.7,307.0,300.0,304.85,2594700.0
2008-02-29,304.85,319.75,304.0,316.4,8589600.0
2008-03-03,316.4,318.0,306.2,310.0,1663100.0
2008-03-04,310.0,312.9,296.55,297.0,1555700.0
2008-03-05,297.0,307.75,299.5,305.5,780200.0
2008-03-06,305.5,317.0,306.5,315.0,2715200.0
2008-03-07,315.0,324.95,311.05,319.0,2026500.0
2008-03-10,319.0,322.8,309.0,311.5,436100.0
2008-03-11,311.5,312.5,307.0,310.2,507300.0
2008-03-12,310.2,314.25,307.5,312.5,652100.0
2008-03-14,280.45,284.9,275.0,275.15,963800.0
2008-03-17,275.15,275.4,268.0,268.1,451800.0
2008-03-18,268.1,268.0,255.15,257.5,543700.0
2008-03-19,257.5,265.5,260.0,262.2,378400.0
2008-03-20,262.2,264.0,259.9,262.5,280800.0
2008-03-24,262.5,274.1,267.0,272.7,1942900.0
2008-03-25,272.7,275.35,272.0,272.0,413000.0
2008-03-26,272.0,282.4,272.5,280.15,1330200.0
2008-03-27,280.15,283.0,277.15,281.0,491300.0
2008-03-28,281.0,280.7,277.05,277.25,463900.0
2008-03-31,277.25,279.4,272.0,275.0,205800.0
2008-04-01,275.0,280.4,273.15,277.25,343700.0
2008-04-02,277.25,280.85,275.6,277.0,315600.0
2008-04-03,277.0,280.45,275.5,276.25,219200.0
2008-04-04,276.25,282.0,276.25,279.0,695200.0
2008-04-07,279.0,283.25,279.4,280.15,738400.0
2008-04-08,280.15,279.0,275.05,278.2,278100.0
2008-04-09,278.2,286.0,276.0,284.5,2227300.0
2008-04-10,284.5,283.0,277.0,279.5,430500.0
2008-04-11,279.5,283.4,280.0,280.45,349300.0
2008-04-14,280.45,282.0,279.0,280.7,311500.0
2008-04-15,280.7,282.8,280.55,281.0,212000.0
2008-04-16,281.0,281.8,277.5,280.0,260600.0
2008-04-17,280.0,281.25,278.2,278.7,182100.0
2008-04-18,278.7,280.95,274.15,275.0,196000.0
2008-04-21,275.0,276.4,271.5,273.0,91500.0
2008-04-22,273.0,273.5,270.0,271.0,194700.0
2008-04-23,271.0,280.0,270.05,276.05,648300.0
2008-04-24,276.05,279.0,274.0,274.0,319800.0
2008-04-25,274.0,275.5,271.05,274.0,438300.0
2008-04-28,274.0,275.0,271.0,271.0,262200.0
2008-04-29,271.0,273.99,266.5,271.0,874200.0
2008-04-30,271.0,270.75,263.95,269.0,431100.0
2008-05-02,269.0,268.99,259.51,259.99,583800.0
2008-05-05,259.99,262.75,256.0,258.0,379700.0
2008-05-06,258.0,264.0,251.11,252.5,797900.0
2008-05-07,252.5,254.9,245.0,252.25,287900.0
2008-05-08,252.25,258.45,250.0,253.7,295900.0
2008-05-09,253.7,253.5,241.05,249.5,425800.0
2008-05-12,249.5,253.0,242.0,250.75,616200.0
2008-05-13,250.75,256.5,250.3,255.75,1825100.0
2008-05-14,255.75,257.0,254.1,256.0,1271900.0
2008-05-15,256.0,256.99,252.5,255.0,171300.0
2008-05-16,255.0,255.0,247.5,249.0,443800.0
2008-05-19,249.0,248.5,241.0,247.95,329900.0
2008-05-20,247.95,249.4,239.4,249.4,662500.0
2008-05-21,249.4,248.01,243.2,244.0,125400.0
2008-05-22,244.0,245.0,231.8,231.8,727700.0
2008-05-23,231.8,227.3,220.21,220.21,216800.0
2008-05-26,220.21,210.0,209.2,209.2,387200.0
2008-05-27,209.2,208.0,198.74,208.0,1342100.0
2008-05-28,208.0,214.0,197.6,197.6,774800.0
2008-05-29,197.6,207.48,187.72,200.0,2102200.0
2008-05-30,200.0,206.0,194.9,199.89,1899900.0
2008-06-02,199.89,203.0,198.0,201.99,389600.0
2008-06-03,201.99,206.0,200.52,203.0,572300.0
2008-06-04,203.0,213.15,212.5,213.15,1261200.0
2008-06-05,213.15,222.0,208.0,212.85,834700.0
2008-06-06,212.85,214.0,206.0,213.02,392600.0
2008-06-09,213.02,213.0,206.0,206.5,122900.0
2008-06-10,206.5,206.5,199.0,202.9,350300.0
2008-06-11,202.9,209.0,200.05,207.25,313500.0
2008-06-12,207.25,209.0,204.0,204.75,161200.0
2008-06-13,204.75,204.95,199.75,201.0,294400.0
2008-06-16,201.0,202.5,190.95,191.5,299400.0
2008-06-17,191.5,201.07,182.0,201.07,440000.0
2008-06-18,201.07,211.12,202.0,209.0,1819900.0
2008-06-19,209.0,209.8,198.55,198.55,1135300.0
2008-06-20,198.55,205.1,189.0,190.0,427400.0
2008-06-23,190.0,192.0,180.5,180.5,271600.0
2008-06-24,180.5,198.55,186.0,198.55,446600.0
2008-06-25,198.55,217.0,201.1,215.0,911800.0
2008-06-26,215.0,219.0,212.85,212.85,545100.0
2008-06-27,212.85,212.9,210.73,210.73,15000.0
2008-06-30,210.73,208.63,208.63,208.63,1600.0
2008-07-01,208.63,206.55,206.55,206.55,2000.0
2008-07-02,206.55,204.49,204.49,204.49,1400.0
2008-07-03,204.49,202.45,202.45,202.45,500.0
2008-07-04,202.45,202.45,202.45,202.45,200.0
2008-07-07,202.45,202.45,202.45,202.45,2000.0
2008-07-08,202.45,200.43,200.43,200.43,2200.0
2008-07-09,200.43,198.43,198.43,198.43,10800.0
2008-07-10,198.43,214.97,196.45,214.97,142200.0
2008-07-11,214.97,214.97,214.97,214.97,1200.0
2008-07-14,214.97,204.23,204.23,204.23,1500.0
2008-07-15,204.23,198.0,194.02,194.02,360800.0
2008-07-16,194.02,185.99,184.32,184.32,31500.0
2008-07-17,184.32,175.11,175.11,175.11,5300.0
2008-07-18,175.11,173.0,166.36,166.36,1342300.0
2008-07-21,166.36,161.0,158.05,159.7,271800.0
2008-07-22,159.7,167.68,160.05,167.68,776200.0
2008-07-23,167.68,176.06,171.1,176.06,241000.0
2008-07-24,176.06,184.86,179.2,184.86,292300.0
2008-07-25,184.86,194.1,183.0,187.5,447000.0
2008-07-28,187.5,183.0,178.13,178.13,29300.0
2008-07-29,178.13,175.0,169.23,169.5,375300.0
2008-07-30,169.5,177.97,172.0,177.97,198000.0
2008-07-31,177.97,182.0,170.0,176.0,360000.0
2008-08-01,176.0,173.0,167.2,167.2,110300.0
2008-08-04,167.2,172.79,158.84,170.0,260600.0
2008-08-05,170.0,175.0,161.5,175.0,504800.0
2008-08-06,175.0,170.0,166.25,166.25,123400.0
2008-08-07,166.25,172.0,157.94,172.0,988900.0
2008-08-08,172.0,172.7,164.9,170.0,951100.0
2008-08-11,170.0,171.5,164.05,168.9,2147100.0
2008-08-12,168.9,168.99,160.46,160.5,584600.0
2008-08-13,160.5,163.0,154.15,160.61,790400.0
2008-08-15,160.61,166.5,158.0,166.0,730400.0
2008-08-18,166.0,174.3,162.1,174.3,847100.0
2008-08-19,174.3,179.5,170.0,170.0,1280700.0
2008-08-20,170.0,165.0,161.5,164.99,330800.0
2008-08-21,164.99,163.4,157.6,157.75,323800.0
2008-08-22,157.75,155.55,149.87,149.87,495000.0
2008-08-25,149.87,149.99,144.0,147.0,411500.0
2008-08-26,147.0,148.0,139.65,145.0,345500.0
2008-08-27,145.0,141.2,137.75,138.45,174800.0
2008-08-28,138.45,142.0,138.45,138.85,104300.0
2008-08-29,138.85,138.45,138.45,138.45,5200.0
2008-09-01,138.45,138.45,138.45,138.45,16600.0
2008-09-02,138.45,138.45,138.45,138.45,900.0
2008-09-03,138.45,138.45,138.45,138.45,700.0
2008-09-04,138.45,138.45,138.45,138.45,5500.0
2008-09-05,138.45,138.45,138.45,138.45,41300.0
2008-09-08,138.45,144.95,138.45,138.45,353600.0
2008-09-09,138.45,139.39,138.45,138.45,11200.0
2008-09-10,138.45,139.3,138.45,138.45,37800.0
2008-09-11,138.45,138.45,138.45,138.45,1600.0
2008-09-12,138.45,138.5,138.45,138.45,34900.0
2008-09-15,138.45,138.45,138.45,138.45,100.0
2008-09-16,138.45,138.45,138.45,138.45,100.0
2008-09-17,138.45,138.45,138.45,138.45,200.0
2008-09-18,138.45,138.45,138.45,138.45,100.0
2008-09-19,138.45,138.45,138.45,138.45,100.0
2008-09-22,138.45,138.45,138.45,138.45,200.0
2008-09-23,138.45,138.45,138.45,138.45,252400.0
2008-09-29,138.45,138.45,138.45,138.45,100.0
2008-09-30,138.45,138.45,138.45,138.45,100.0
2008-10-06,138.45,138.45,138.45,138.45,200.0
2008-10-13,138.45,138.45,138.45,138.45,200.0
2008-10-14,138.45,138.45,138.45,138.45,200.0
2008-10-15,138.45,138.45,138.45,138.45,100.0
2008-11-17,138.45,138.45,138.45,138.45,200.0
2008-12-15,138.45,131.53,131.53,131.53,100.0
2008-12-16,131.53,124.96,124.96,124.96,100.0
2008-12-17,124.96,118.72,118.72,118.72,100.0
2008-12-18,118.72,112.79,112.79,112.79,100.0
2008-12-19,112.79,107.16,107.16,107.16,100.0
2008-12-22,107.16,101.81,101.81,101.81,0.0
2008-12-23,101.81,96.72,96.72,96.72,0.0
2008-12-24,96.72,91.89,91.89,91.89,0.0
2008-12-26,91.89,87.3,87.3,87.3,6300.0
2008-12-29,87.3,82.94,82.94,82.94,20900.0
2008-12-30,82.94,78.8,78.8,78.8,500.0
2008-12-31,78.8,74.86,74.86,74.86,0.0
2009-01-01,74.86,71.12,71.12,71.12,300.0
2009-01-02,71.12,72.7,67.57,68.55,1932900.0
2009-01-05,68.55,71.97,69.0,71.97,235500.0
2009-01-06,71.97,75.56,74.0,75.56,90500.0
2009-01-09,75.56,79.33,76.0,79.19,600200.0
2009-01-12,79.19,81.8,75.24,75.24,632700.0
2009-01-13,75.24,74.5,71.48,71.72,4643900.0
2009-01-14,71.72,74.8,69.0,71.09,2067600.0
2009-01-15,71.09,71.9,67.54,67.54,882800.0
2009-01-16,67.54,67.0,64.17,64.17,525200.0
2009-01-19,64.17,60.97,60.97,60.97,23400.0
2009-01-20,60.97,61.85,57.93,58.02,910800.0
2009-01-21,58.02,60.45,55.12,55.25,560500.0
2009-01-22,55.25,55.25,52.49,53.6,385300.0
2009-01-23,53.6,54.75,52.0,53.58,129000.0
2009-01-26,53.58,53.5,50.91,51.17,245300.0
2009-01-27,51.17,53.72,49.25,53.72,198300.0
2009-01-28,53.72,56.4,56.4,56.4,4500.0
2009-01-29,56.4,59.22,59.22,59.22,19300.0
2009-01-30,59.22,62.18,62.18,62.18,143500.0
2009-02-02,62.18,65.28,60.01,65.21,1110500.0
2009-02-03,65.21,68.47,63.25,68.47,847600.0
2009-02-04,68.47,71.89,69.0,71.89,307800.0
2009-02-06,71.89,75.48,73.0,75.47,675100.0
2009-02-09,75.47,79.24,74.0,78.7,1727900.0
2009-02-10,78.7,82.4,75.0,76.69,981200.0
2009-02-11,76.69,80.52,74.0,78.21,1273200.0
2009-02-12,78.21,79.0,74.5,74.92,475700.0
2009-02-13,74.92,78.66,75.31,78.66,488200.0
2009-02-16,78.66,82.59,81.3,82.59,388000.0
2009-02-17,82.59,86.71,86.0,86.71,489300.0
2009-02-18,86.71,91.04,87.74,91.04,1791000.0
2009-02-19,91.04,95.59,93.79,95.59,769600.0
2009-02-20,95.59,100.36,95.2,100.36,1528000.0
2009-02-23,100.36,105.37,103.0,105.37,1794200.0
2009-02-24,105.37,108.75,102.2,103.33,1484800.0
2009-02-25,103.33,104.45,98.17,98.17,1213400.0
2009-02-26,98.17,102.8,93.27,101.29,1945200.0
2009-02-27,101.29,104.7,101.71,102.13,564600.0
2009-03-02,102.13,103.45,100.0,100.56,556300.0
2009-03-03,100.56,99.75,95.54,98.22,531300.0
2009-03-04,98.22,103.13,99.26,103.13,949200.0
2009-03-05,103.13,105.9,101.56,102.35,880700.0
2009-03-06,102.35,102.95,100.0,100.88,651300.0
2009-03-09,100.88,102.49,99.5,100.03,224100.0
2009-03-11,100.03,102.3,99.5,99.67,363300.0
2009-03-12,99.67,104.65,99.5,104.62,896200.0
2009-03-13,82.6,85.7,83.25,84.39,671900.0
2009-03-16,84.39,88.6,88.6,88.6,22100.0
2009-03-17,88.6,93.03,90.75,91.31,1085900.0
2009-03-18,91.31,95.87,90.2,95.52,1593900.0
2009-03-19,95.52,100.29,95.5,100.26,1759800.0
2009-03-20,100.26,102.2,97.02,98.66,1125000.0
2009-03-24,98.66,103.59,100.0,103.59,481100.0
2009-03-25,103.59,108.76,106.0,108.76,845200.0
2009-03-26,108.76,114.19,108.0,109.52,1563200.0
2009-03-27,109.52,114.99,109.25,114.41,1089800.0
2009-03-30,114.41,120.13,118.25,120.13,662500.0
2009-03-31,120.13,124.0,114.13,115.69,2044600.0
2009-04-01,115.69,120.0,112.65,113.75,798000.0
2009-04-02,113.75,117.69,113.7,117.01,1333800.0
2009-04-03,117.01,120.0,115.5,117.91,1505900.0
2009-04-06,117.91,119.9,115.0,117.18,1496200.0
2009-04-07,117.18,119.5,116.1,116.86,862700.0
2009-04-08,116.86,116.5,111.02,111.02,551000.0
2009-04-09,111.02,111.99,105.47,106.25,1048900.0
2009-04-10,106.25,111.56,104.0,111.56,1091000.0
2009-04-13,111.56,117.13,115.0,117.13,533500.0
2009-04-14,117.13,121.5,115.0,116.98,1584300.0
2009-04-15,116.98,118.0,112.0,114.75,464500.0
2009-04-16,114.75,118.9,109.02,111.15,617700.0
2009-04-17,111.15,115.75,107.1,114.09,579300.0
2009-04-20,114.09,117.38,114.01,114.89,725500.0
2009-04-21,114.89,118.2,113.1,114.38,632100.0
2009-04-22,114.38,115.55,108.67,109.53,322800.0
2009-04-23,109.53,112.0,104.06,104.06,412800.0
2009-04-24,104.06,109.26,99.2,108.91,845800.0
2009-04-27,108.91,110.7,103.47,103.47,257400.0
2009-04-28,103.47,108.64,99.0,107.15,626200.0
2009-04-29,107.15,109.1,101.8,101.98,622500.0
2009-04-30,101.98,102.65,98.1,101.04,395100.0
2009-05-04,101.04,103.5,97.99,98.55,351100.0
2009-05-05,98.55,101.0,96.5,97.14,296000.0
2009-05-06,97.14,100.3,97.6,98.26,615000.0
2009-05-07,98.26,99.49,95.7,96.38,196500.0
2009-05-08,96.38,97.69,94.55,95.45,229000.0
2009-05-11,95.45,97.01,94.0,94.33,351100.0
2009-05-12,94.33,99.04,94.1,99.04,721200.0
2009-05-13,99.04,103.99,99.5,101.78,1188900.0
2009-05-14,101.78,102.4,98.01,100.25,597600.0
2009-05-15,100.25,101.3,98.5,99.59,699800.0
2009-05-18,99.59,100.99,97.5,98.8,613600.0
2009-05-19,98.8,99.65,95.8,96.45,338000.0
2009-05-20,96.45,96.99,93.77,94.75,337900.0
2009-05-21,94.75,93.95,90.02,91.14,573700.0
2009-05-22,91.14,95.64,92.0,94.81,679600.0
2009-05-25,94.81,95.9,93.0,93.88,322200.0
2009-05-26,93.88,95.0,92.5,93.23,149600.0
2009-05-27,93.23,94.4,92.1,92.79,142000.0
2009-05-28,92.79,94.1,92.5,93.05,156500.0
2009-05-29,93.05,93.8,92.01,92.45,91700.0
2009-06-01,92.45,93.3,90.0,90.6,90800.0
2009-06-02,90.6,90.5,87.75,87.95,116700.0
2009-06-03,87.95,88.5,84.2,85.43,141300.0
2009-06-04,85.43,86.2,84.1,84.72,122300.0
2009-06-05,84.72,86.0,84.11,85.11,102300.0
2009-06-08,85.11,85.77,83.4,84.03,86400.0
2009-06-09,84.03,88.23,83.9,88.23,411500.0
2009-06-10,88.23,91.4,87.25,88.65,325500.0
2009-06-11,88.65,91.7,89.0,89.93,590300.0
2009-06-12,89.93,90.4,87.25,87.73,144600.0
2009-06-15,87.73,87.38,85.0,85.47,71600.0
2009-06-16,85.47,85.0,83.2,84.31,55700.0
2009-06-17,84.31,88.52,85.0,88.29,314100.0
2009-06-18,88.29,88.75,85.51,86.14,281000.0
2009-06-19,86.14,87.4,85.1,85.61,109400.0
2009-06-22,85.61,88.4,84.01,84.65,235700.0
2009-06-23,84.65,85.4,82.5,83.16,286300.0
2009-06-24,83.16,83.77,82.26,82.62,54700.0
2009-06-25,82.62,85.45,82.7,84.71,266500.0
2009-06-26,84.71,88.94,85.1,88.25,573900.0
2009-06-29,88.25,90.1,87.0,88.4,405100.0
2009-06-30,88.4,88.9,85.5,86.06,153000.0
2009-07-01,86.06,87.55,86.46,86.9,124700.0
2009-07-02,86.9,91.24,87.49,91.24,569200.0
2009-07-03,91.24,95.8,91.51,95.53,1107000.0
2009-07-06,95.53,97.98,94.0,96.31,622400.0
2009-07-07,96.31,97.75,93.6,94.16,442100.0
2009-07-08,94.16,94.29,91.81,93.88,431600.0
2009-07-09,93.88,95.99,93.2,93.51,190400.0
2009-07-10,93.51,95.0,93.5,93.95,125300.0
2009-07-13,93.95,98.64,94.7,98.64,605700.0
2009-07-14,98.64,100.5,96.71,97.18,685300.0
2009-07-15,97.18,100.15,97.15,97.9,1342100.0
2009-07-16,97.9,99.5,96.9,97.21,738800.0
2009-07-17,97.21,98.7,96.53,96.85,143200.0
2009-07-20,96.85,98.65,95.5,95.95,132600.0
2009-07-21,95.95,97.73,94.71,97.44,390719.0
2009-07-22,97.44,102.31,97.67,101.4,1928486.0
2009-07-23,101.4,104.88,101.1,102.08,905927.0
2009-07-24,102.08,102.55,98.85,99.21,461943.0
2009-07-27,99.21,99.92,97.5,98.14,111313.0
2009-07-28,98.14,102.0,96.21,99.63,407868.0
2009-07-29,99.63,100.65,96.11,97.16,148403.0
2009-07-30,97.16,98.4,95.51,95.84,77830.0
2009-07-31,95.84,99.9,96.95,99.34,184556.0
2009-08-03,99.34,100.45,97.8,98.28,156810.0
2009-08-04,98.28,103.0,98.9,101.56,899217.0
2009-08-05,101.56,105.2,100.61,102.44,814874.0
2009-08-06,102.44,103.0,100.0,102.54,395272.0
2009-08-07,102.54,103.9,101.0,102.07,140879.0
2009-08-10,102.07,106.2,102.99,105.39,471190.0
2009-08-11,105.39,106.47,104.0,104.03,158991.0
2009-08-12,104.03,106.35,104.0,104.79,380133.0
2009-08-13,104.79,110.02,103.7,109.23,1820346.0
2009-08-17,109.23,110.89,103.77,107.94,1102145.0
2009-08-18,107.94,109.74,105.32,106.31,467280.0
2009-08-19,106.31,107.5,104.01,104.37,243876.0
2009-08-20,104.37,109.58,106.0,109.42,901468.0
2009-08-21,109.42,113.3,107.0,112.07,1124909.0
2009-08-24,112.07,114.0,109.0,112.81,475509.0
2009-08-25,112.81,114.0,111.0,111.3,258215.0
2009-08-26,111.3,113.5,111.0,112.66,291731.0
2009-08-27,112.66,113.6,111.1,112.01,93452.0
2009-08-28,112.01,115.2,111.5,114.6,370098.0
2009-08-31,114.6,116.5,113.0,114.88,369035.0
2009-09-01,114.88,120.62,115.4,119.87,1712350.0
2009-09-02,119.87,125.3,121.11,123.83,687801.0
2009-09-03,123.83,127.75,119.9,121.38,1066778.0
2009-09-04,121.38,124.0,118.2,121.32,493729.0
2009-09-07,121.32,122.4,118.05,119.5,240642.0
2009-09-08,119.5,119.26,113.53,115.22,163188.0
2009-09-09,115.22,120.98,114.4,120.98,409775.0
2009-09-10,120.98,123.7,119.89,121.96,323307.0
2009-09-11,121.96,123.5,116.1,118.79,397027.0
2009-09-14,118.79,122.25,118.9,121.04,318824.0
2009-09-15,121.04,121.75,117.8,118.45,322802.0
2009-09-16,118.45,121.2,119.01,119.2,381368.0
2009-09-17,119.2,122.9,119.7,120.41,1244574.0
2009-09-18,120.41,126.43,120.31,125.56,1889757.0
2009-09-24,125.56,131.83,125.3,131.83,1107166.0
2009-09-25,131.83,134.4,125.4,127.59,1414252.0
2009-09-28,127.59,129.7,123.0,124.09,345532.0
2009-09-29,124.09,128.0,122.51,125.24,600989.0
2009-09-30,125.24,128.0,122.0,122.69,491924.0
2009-10-01,122.69,125.5,122.9,123.24,226753.0
2009-10-02,123.24,125.99,122.11,125.61,268116.0
2009-10-05,125.61,126.98,124.11,124.55,244647.0
2009-10-06,124.55,127.9,124.01,126.74,569944.0
2009-10-07,126.74,132.4,127.0,130.88,1905412.0
2009-10-08,130.88,137.42,129.5,135.76,3565775.0
2009-10-09,135.76,140.75,136.25,138.26,1642316.0
2009-10-12,138.26,139.5,133.25,134.43,817797.0
2009-10-13,134.43,136.0,133.41,135.58,398212.0
2009-10-14,135.58,137.9,132.1,132.82,1156308.0
2009-10-15,132.82,134.9,129.5,130.61,897006.0
2009-10-16,130.61,133.7,129.7,130.3,855348.0
2009-10-19,130.3,131.25,123.79,124.22,372162.0
2009-10-20,124.22,130.43,124.5,130.43,663020.0
2009-10-21,130.43,132.5,127.81,128.81,1538653.0
2009-10-22,128.81,130.9,123.0,128.61,1014849.0
2009-10-23,128.61,131.1,128.0,129.31,1090913.0
2009-10-26,129.31,134.9,130.5,134.15,1643217.0
2009-10-27,134.15,135.4,129.6,130.32,837456.0
2009-10-28,130.32,131.4,128.51,128.78,294363.0
2009-10-29,128.78,130.0,124.77,125.85,880096.0
2009-10-30,125.85,127.38,123.5,123.94,498779.0
2009-11-02,123.94,124.4,117.75,118.17,342416.0
2009-11-03,118.17,124.07,118.1,122.48,903743.0
2009-11-04,122.48,127.1,124.0,125.97,1057249.0
2009-11-05,125.97,127.4,123.5,124.05,567203.0
2009-11-06,124.05,124.5,118.7,119.1,380177.0
2009-11-10,119.1,122.7,116.0,117.45,628105.0
2009-11-11,117.45,121.5,115.9,120.63,708401.0
2009-11-12,120.63,123.47,119.5,121.44,670064.0
2009-11-13,121.44,125.5,120.65,124.05,836847.0
2009-11-16,124.05,129.8,124.26,129.21,1210614.0
2009-11-17,129.21,131.7,126.1,126.48,844879.0
2009-11-18,126.48,128.35,124.5,125.25,571306.0
2009-11-19,125.25,127.4,125.31,126.02,216609.0
2009-11-20,126.02,127.49,125.5,125.86,245499.0
2009-11-23,125.86,125.98,122.0,123.2,250372.0
2009-11-24,123.2,124.48,122.52,123.83,182135.0
2009-11-25,123.83,125.0,122.0,122.4,316560.0
2009-11-26,122.4,124.45,122.0,123.07,253762.0
2009-12-01,123.07,122.5,118.91,119.6,675613.0
2009-12-02,119.6,121.88,118.26,119.93,300989.0
2009-12-03,119.93,122.1,119.9,120.07,294230.0
2009-12-04,120.07,121.29,118.74,119.13,290924.0
2009-12-07,119.13,119.98,117.0,117.79,93003.0
2009-12-08,117.79,117.5,112.8,114.05,902697.0
2009-12-09,114.05,116.99,113.52,116.17,1131212.0
2009-12-10,116.17,118.5,116.3,117.55,257308.0
2009-12-11,117.55,118.6,117.0,117.14,132160.0
2009-12-14,117.14,122.98,117.95,122.22,671417.0
2009-12-15,122.22,124.99,120.3,122.23,834275.0
2009-12-16,122.23,124.25,121.05,121.95,866223.0
2009-12-17,121.95,124.0,120.02,120.37,427373.0
2009-12-18,120.37,120.9,117.98,119.0,227807.0
2009-12-21,119.0,121.75,118.55,121.13,405053.0
2009-12-22,121.13,124.49,121.49,123.75,573893.0
2009-12-23,123.75,124.01,121.8,122.35,319312.0
2009-12-24,122.35,125.5,122.64,124.59,1356235.0
2009-12-29,124.59,125.75,122.5,125.34,218309.0
2009-12-30,125.34,127.85,126.11,126.5,458337.0
2009-12-31,126.5,126.14,123.0,123.44,472294.0
2010-01-04,123.44,124.7,123.2,123.79,121296.0
2010-01-05,123.79,128.0,124.31,127.69,866016.0
2010-01-06,127.69,129.99,127.41,128.0,926924.0
2010-01-07,128.0,134.4,127.67,133.61,3268357.0
2010-01-08,133.61,134.0,131.5,133.26,1042705.0
2010-01-11,133.26,135.49,132.6,133.78,913376.0
2010-01-12,133.78,136.5,132.8,135.38,1540569.0
2010-01-13,135.38,137.49,134.01,135.11,697265.0
2010-01-14,135.11,135.9,133.0,134.23,634376.0
2010-01-15,134.23,136.4,134.31,134.92,604078.0
2010-01-18,134.92,135.9,133.28,133.65,279892.0
2010-01-19,133.65,135.7,133.75,134.16,318598.0
2010-01-20,134.16,134.85,132.0,132.15,513714.0
2010-01-21,132.15,132.0,125.55,125.7,1769549.0
2010-01-22,125.7,125.7,119.61,121.96,2317213.0
2010-01-25,121.96,123.01,120.0,120.41,369460.0
2010-01-26,120.41,121.8,119.8,120.28,185146.0
2010-01-27,120.28,122.15,119.1,119.66,215788.0
2010-01-28,119.66,121.4,118.4,120.58,478973.0
2010-01-29,120.58,122.25,120.65,121.35,205454.0
2010-02-01,121.35,121.89,120.11,121.16,167800.0
2010-02-02,121.16,122.19,119.5,120.22,149553.0
2010-02-03,120.22,122.48,120.48,121.53,282233.0
2010-02-04,121.53,123.6,121.0,121.53,375188.0
2010-02-08,121.53,122.5,120.4,120.8,229206.0
2010-02-09,120.8,122.0,120.3,120.57,298575.0
2010-02-10,120.57,121.26,119.2,119.49,144480.0
2010-02-11,119.49,120.5,119.61,120.18,164237.0
2010-02-12,120.18,122.88,120.1,121.82,441950.0
2010-02-15,121.82,120.99,118.66,119.84,237368.0
2010-02-16,119.84,121.35,120.0,120.82,223855.0
2010-02-17,120.82,123.5,121.3,121.74,326272.0
2010-02-18,121.74,124.99,121.81,123.88,1131442.0
2010-02-19,123.88,127.9,122.6,126.83,3097178.0
2010-02-22,126.83,128.0,126.04,126.47,786188.0
2010-02-23,126.47,127.4,125.05,125.37,491568.0
2010-02-24,125.37,125.7,123.6,123.87,152100.0
2010-02-25,123.87,124.55,121.8,123.32,182971.0
2010-02-26,123.32,123.99,122.0,122.22,81060.0
2010-03-01,122.22,123.3,121.8,122.93,199361.0
2010-03-02,122.93,124.75,122.41,124.23,246356.0
2010-03-03,124.23,125.3,123.3,123.86,134856.0
2010-03-04,123.86,124.4,122.1,123.07,220090.0
2010-03-05,123.07,123.7,122.0,123.09,237148.0
2010-03-08,123.09,127.7,123.09,126.91,490834.0
2010-03-09,126.91,128.5,126.1,126.94,359116.0
2010-03-10,126.94,128.0,126.41,127.09,192149.0
2010-03-11,127.09,129.25,127.0,128.9,521869.0
2010-03-12,111.73,114.0,111.0,112.66,795332.0
2010-03-15,112.66,115.1,112.2,114.26,668227.0
2010-03-16,114.26,114.7,112.81,113.02,133159.0
2010-03-17,113.02,113.64,111.3,111.59,140275.0
2010-03-18,111.59,112.1,111.28,111.68,64019.0
2010-03-19,111.68,111.9,109.51,110.46,121430.0
2010-03-22,110.46,111.28,109.55,110.14,101567.0
2010-03-24,110.14,114.0,110.2,113.52,626986.0
2010-03-25,113.52,115.0,112.1,112.46,823636.0
2010-03-26,112.46,113.39,111.6,112.27,238428.0
2010-03-29,112.27,113.9,111.4,111.79,216349.0
2010-03-30,111.79,112.1,110.5,110.58,47507.0
2010-03-31,110.58,112.34,110.16,110.57,344836.0
2010-04-01,110.57,111.72,109.6,109.96,242747.0
2010-04-02,109.96,112.5,110.1,110.92,756659.0
2010-04-05,110.92,112.85,111.3,112.18,470493.0
2010-04-06,112.18,115.5,112.51,113.92,1418915.0
2010-04-07,113.92,114.99,113.55,113.73,229676.0
2010-04-08,113.73,114.74,112.9,113.16,458860.0
2010-04-09,113.16,114.2,112.65,113.02,240281.0
2010-04-12,113.02,113.65,111.6,111.81,147188.0
2010-04-13,111.81,112.4,110.5,111.05,187280.0
2010-04-14,111.05,112.04,111.0,111.91,140054.0
2010-04-15,111.91,112.55,111.91,112.08,70640.0
2010-04-16,112.08,113.1,112.51,112.58,99918.0
2010-04-19,112.58,112.65,112.0,112.46,81272.0
2010-04-20,112.46,112.9,111.6,111.72,143727.0
2010-04-21,111.72,111.5,108.3,109.32,613709.0
2010-04-22,109.32,113.8,109.6,110.66,576286.0
2010-04-23,110.66,112.25,110.0,110.42,310101.0
2010-04-26,110.42,110.89,109.6,109.71,72043.0
2010-04-27,109.71,111.25,109.1,110.78,141801.0
2010-04-28,110.78,111.75,109.0,110.51,286025.0
2010-04-29,110.51,110.88,109.0,109.25,295675.0
2010-04-30,109.25,109.7,108.65,109.24,121626.0
2010-05-03,109.24,109.2,107.75,108.24,110423.0
2010-05-04,108.24,110.69,108.6,109.61,217870.0
2010-05-05,109.61,109.75,109.0,109.1,46903.0
2010-05-06,109.1,109.25,108.31,108.5,58242.0
2010-05-07,108.5,108.0,106.0,106.43,172216.0
2010-05-10,106.43,106.99,105.15,106.35,60430.0
2010-05-11,106.35,107.2,105.05,105.7,121587.0
2010-05-12,105.7,105.79,103.55,105.44,156217.0
2010-05-13,105.44,106.99,104.7,106.18,256377.0
2010-05-14,106.18,110.0,106.01,107.21,249225.0
2010-05-17,107.21,107.0,101.85,102.3,226392.0
2010-05-18,102.3,102.87,100.7,102.17,113382.0
2010-05-19,102.17,101.78,99.0,100.99,232051.0
2010-05-20,100.99,102.3,99.3,101.77,150289.0
2010-05-21,101.77,100.9,99.15,99.85,116840.0
2010-05-24,99.85,100.6,98.0,98.85,143330.0
2010-05-25,98.85,99.3,93.91,94.17,583992.0
2010-05-26,94.17,97.5,94.49,97.22,260405.0
2010-05-27,97.22,98.45,93.18,95.05,108556.0
2010-05-28,95.05,97.63,94.0,96.01,138574.0
2010-05-31,96.01,96.95,91.21,92.71,315966.0
2010-06-01,92.71,93.5,90.25,92.63,87676.0
2010-06-02,92.63,96.49,91.25,95.41,282064.0
2010-06-03,95.41,97.4,94.5,96.95,265136.0
2010-06-04,96.95,97.9,94.75,95.88,121522.0
2010-06-07,95.88,98.5,94.8,97.98,172054.0
2010-06-08,97.98,98.23,96.01,97.01,133694.0
2010-06-09,97.01,96.8,95.0,95.33,64300.0
2010-06-10,95.33,95.0,91.3,91.96,111061.0
2010-06-11,91.96,93.99,92.2,93.29,56372.0
2010-06-14,93.29,93.1,89.25,92.15,147611.0
2010-06-15,92.15,94.0,91.7,93.38,241609.0
2010-06-16,93.38,98.0,92.81,97.65,535026.0
2010-06-17,97.65,102.0,95.0,101.23,792734.0
2010-06-18,101.23,101.25,98.31,98.58,302983.0
2010-06-21,98.58,99.25,97.8,98.79,66303.0
2010-06-22,98.79,101.0,97.01,99.06,383237.0
2010-06-23,99.06,99.9,98.5,99.03,117225.0
2010-06-24,99.03,101.0,99.0,100.0,364653.0
2010-06-25,100.0,100.4,97.61,97.92,106559.0
2010-06-28,97.92,99.2,96.2,96.51,137675.0
2010-06-29,96.51,97.95,96.1,97.16,80049.0
2010-06-30,97.16,98.0,96.21,97.25,39056.0
2010-07-01,97.25,98.4,96.99,98.33,46781.0
2010-07-02,98.33,98.5,97.02,97.26,31642.0
2010-07-05,97.26,98.9,97.0,97.08,11727.0
2010-07-06,97.08,98.47,97.0,97.04,21783.0
2010-07-07,97.04,98.97,95.01,97.7,109583.0
2010-07-08,97.7,101.84,97.99,101.08,315823.0
2010-07-09,101.08,103.25,101.0,102.66,187164.0
2010-07-12,102.66,103.55,101.01,101.67,59426.0
2010-07-13,101.67,102.6,101.16,101.5,89958.0
2010-07-14,101.5,105.89,102.3,105.05,294919.0
2010-07-15,105.05,106.49,103.21,103.93,129188.0
2010-07-16,103.93,105.11,103.5,104.63,61619.0
2010-07-19,104.63,106.5,105.0,105.6,84071.0
2010-07-20,105.6,106.45,105.25,105.84,138930.0
2010-07-21,105.84,106.0,104.1,104.8,290511.0
2010-07-22,104.8,105.3,103.8,104.05,157015.0
2010-07-23,104.05,105.99,103.5,105.08,199944.0
2010-07-26,105.08,107.7,104.5,107.3,530696.0
2010-07-27,107.3,107.92,106.41,106.76,271116.0
2010-07-28,106.76,107.84,104.75,106.15,241228.0
2010-07-29,106.15,107.55,105.5,105.58,292218.0
2010-07-30,105.58,105.95,104.65,104.96,41027.0
2010-08-02,104.96,106.1,103.05,105.91,224994.0
2010-08-03,105.91,107.25,104.52,107.0,153350.0
2010-08-04,107.0,109.1,107.2,107.57,235941.0
2010-08-05,107.57,108.5,107.0,107.02,58615.0
2010-08-06,107.02,108.5,106.4,107.44,249326.0
2010-08-09,107.44,108.0,102.07,102.13,190602.0
2010-08-10,102.13,102.49,100.5,100.99,93864.0
2010-08-11,100.99,102.0,99.5,100.61,330484.0
2010-08-12,100.61,101.5,100.5,100.52,24693.0
2010-08-13,100.52,101.29,99.53,100.76,14597.0
2010-08-16,100.76,101.5,95.73,95.73,100269.0
2010-08-17,95.73,100.0,92.0,98.0,56125.0
2010-08-18,98.0,99.7,97.56,97.88,20599.0
2010-08-19,97.88,99.9,97.75,99.1,52533.0
2010-08-20,99.1,99.5,98.0,98.43,27374.0
2010-08-23,98.43,98.5,96.15,96.39,28483.0
2010-08-24,96.39,96.53,94.5,94.85,25930.0
2010-08-25,94.85,95.85,92.0,92.37,33590.0
2010-08-26,92.37,95.0,92.5,94.3,88141.0
2010-08-27,94.3,95.24,93.1,95.0,31618.0
2010-08-30,95.0,95.3,93.5,93.89,40256.0
2010-08-31,93.89,98.58,94.0,98.56,149840.0
2010-09-01,98.56,97.9,96.61,97.51,119561.0
2010-09-02,97.51,98.35,96.1,96.6,41331.0
2010-09-03,96.6,96.9,95.65,95.99,6531.0
2010-09-06,95.99,95.28,94.98,95.14,8639.0
2010-09-07,95.14,95.69,94.01,95.3,11120.0
2010-09-08,95.3,96.7,95.52,96.05,27554.0
2010-09-09,96.05,96.45,95.26,95.36,5414.0
2010-09-14,95.36,99.1,96.8,98.77,168765.0
2010-09-15,98.77,100.2,97.61,99.94,148292.0
2010-09-16,99.94,101.5,98.0,98.29,72676.0
2010-09-17,98.29,98.85,97.01,97.69,83426.0
2010-09-20,97.69,97.99,96.5,96.81,23246.0
2010-09-21,96.81,97.4,94.5,94.79,50731.0
2010-09-22,94.79,95.8,93.5,93.82,27351.0
2010-09-23,93.82,94.0,92.55,93.92,51695.0
2010-09-24,93.92,94.95,93.01,93.97,18447.0
2010-09-27,93.97,94.5,92.55,94.03,48936.0
2010-09-28,94.03,97.0,94.49,95.43,130195.0
2010-09-29,95.43,96.35,94.0,96.04,137068.0
2010-09-30,96.04,96.35,94.2,95.22,27066.0
2010-10-01,95.22,95.92,94.1,94.5,21722.0
2010-10-04,94.5,94.6,93.1,93.52,23486.0
2010-10-05,93.52,94.48,93.0,93.51,39939.0
2010-10-06,93.51,94.0,93.1,93.51,16951.0
2010-10-07,93.51,95.35,93.2,95.13,110654.0
2010-10-08,95.13,99.45,95.01,97.93,386646.0
2010-10-11,97.93,102.5,97.2,101.55,453522.0
2010-10-12,101.55,102.1,100.5,101.86,496873.0
2010-10-13,101.86,101.9,100.5,100.7,95674.0
2010-10-14,100.7,101.87,99.85,100.18,111229.0
2010-10-15,100.18,101.0,99.9,100.01,157724.0
2010-10-18,100.01,101.62,98.51,100.83,651229.0
2010-10-19,100.83,103.15,101.0,102.08,489522.0
2010-10-20,102.08,102.5,101.1,102.3,48986.0
2010-10-21,102.3,106.88,102.3,106.02,595200.0
2010-10-22,106.02,107.15,104.0,104.38,140636.0
2010-10-25,104.38,105.99,104.0,104.11,283473.0
2010-10-26,104.11,105.0,100.71,101.73,185989.0
2010-10-27,101.73,102.7,100.05,101.4,143894.0
2010-10-28,101.4,103.6,100.62,102.16,131904.0
2010-10-29,102.16,102.75,100.65,101.55,120373.0
2010-11-01,101.55,102.25,100.5,100.78,66016.0
2010-11-02,100.78,102.01,101.0,101.95,70924.0
2010-11-03,101.95,103.5,101.9,102.41,629281.0
2010-11-04,102.41,103.5,101.79,103.02,84594.0
2010-11-05,103.02,104.5,103.5,103.67,127632.0
2010-11-08,103.67,105.6,103.75,104.48,203167.0
2010-11-10,104.48,106.5,104.0,104.88,356304.0
2010-11-11,104.88,105.9,104.0,104.08,59196.0
2010-11-12,104.08,104.5,103.3,104.21,39386.0
2010-11-15,104.21,105.5,104.1,104.25,24012.0
2010-11-16,104.25,105.7,104.0,105.6,160705.0
2010-11-22,105.6,107.44,105.75,107.02,775525.0
2010-11-23,107.02,108.79,106.6,107.12,142655.0
2010-11-24,107.12,107.5,105.1,105.51,82108.0
2010-11-25,105.51,106.2,103.71,103.97,172805.0
2010-11-26,103.97,105.25,102.55,104.22,54220.0
2010-11-29,104.22,105.35,103.3,104.05,22723.0
2010-11-30,104.05,106.5,103.25,106.11,105077.0
2010-12-01,106.11,107.4,106.0,106.12,176061.0
2010-12-02,106.12,108.45,106.37,108.03,167824.0
2010-12-03,108.03,113.43,108.07,113.42,949966.0
2010-12-06,113.42,115.95,113.5,114.13,420721.0
2010-12-07,114.13,114.3,112.13,112.76,154012.0
2010-12-08,112.76,117.0,112.99,116.23,839176.0
2010-12-09,116.23,116.9,114.5,115.37,217257.0
2010-12-10,115.37,118.99,114.0,117.44,797537.0
2010-12-13,117.44,117.76,115.7,115.96,166994.0
2010-12-14,115.96,118.2,114.25,117.75,472503.0
2010-12-15,117.75,121.99,117.0,119.56,1078538.0
2010-12-20,119.56,121.9,119.81,120.03,200868.0
2010-12-21,120.03,120.6,117.5,117.85,718651.0
2010-12-22,117.85,118.0,115.99,117.04,402898.0
2010-12-23,117.04,117.7,115.5,115.86,73741.0
2010-12-24,115.86,116.7,114.01,116.41,71800.0
2010-12-27,116.41,118.5,116.4,118.03,136648.0
2010-12-28,118.03,118.4,116.3,117.3,145013.0
2010-12-29,117.3,119.98,116.51,119.06,544723.0
2010-12-30,119.06,125.01,118.62,124.74,1836162.0
2010-12-31,124.74,125.29,121.5,121.94,697308.0
2011-01-03,121.94,121.0,116.8,119.49,510969.0
2011-01-04,119.49,122.3,119.5,121.87,627959.0
2011-01-05,121.87,126.45,121.4,124.93,1506848.0
2011-01-06,124.93,125.89,123.75,124.98,773913.0
2011-01-07,124.98,126.06,124.69,124.99,376749.0
2011-01-10,124.99,126.8,123.0,123.56,166214.0
2011-01-11,123.56,124.5,122.75,123.01,329849.0
2011-01-12,123.01,128.9,123.89,127.87,788687.0
2011-01-13,127.87,128.97,126.25,127.6,156709.0
2011-01-14,127.6,128.48,126.45,126.7,278339.0
2011-01-17,126.7,128.0,126.34,126.79,195832.0
2011-01-18,126.79,127.44,125.45,125.58,75393.0
2011-01-19,125.58,127.12,124.1,124.49,158779.0
2011-01-20,124.49,125.25,122.83,123.03,54899.0
2011-01-21,123.03,125.25,123.0,123.8,73781.0
2011-01-24,123.8,124.65,123.3,123.58,28629.0
2011-01-25,123.58,124.85,123.4,123.5,70998.0
2011-01-26,123.5,124.01,122.0,122.16,202293.0
2011-01-27,122.16,125.1,123.1,123.62,523617.0
2011-01-28,123.62,124.96,123.0,123.82,192270.0
2011-01-31,123.82,126.45,122.0,123.04,502164.0
2011-02-01,123.04,124.25,121.5,122.33,156405.0
2011-02-02,122.33,125.34,120.75,124.71,416363.0
2011-02-03,124.71,125.9,123.8,124.03,119391.0
2011-02-04,124.03,124.85,123.0,124.37,311317.0
2011-02-07,124.37,125.75,124.05,124.86,73565.0
2011-02-08,124.86,125.2,123.7,124.93,414286.0
2011-02-09,124.93,124.8,123.25,123.48,22308.0
2011-02-10,123.48,124.0,123.06,123.13,57136.0
2011-02-11,123.13,123.75,121.7,122.15,112463.0
2011-02-14,122.15,122.72,121.0,122.15,239870.0
2011-02-15,122.15,123.9,122.1,123.28,342375.0
2011-02-17,123.28,125.8,122.36,124.96,178820.0
2011-02-18,124.96,127.0,122.1,123.16,893122.0
2011-02-21,123.16,123.85,121.52,121.73,103755.0
2011-02-22,121.73,122.75,118.51,119.25,309012.0
2011-02-23,119.25,120.0,114.55,117.77,145969.0
2011-02-24,117.77,119.8,118.12,118.79,54132.0
2011-02-25,118.79,120.8,115.85,116.74,143070.0
2011-02-28,116.74,120.0,117.1,119.2,103847.0
2011-03-01,119.2,124.0,120.0,122.15,469476.0
2011-03-02,122.15,124.5,120.5,122.18,154199.0
2011-03-03,122.18,123.3,121.25,123.0,93900.0
2011-03-04,123.0,129.15,122.0,129.14,756419.0
2011-03-07,129.14,131.0,127.0,127.15,101124.0
2011-03-08,127.15,128.25,125.8,126.59,67467.0
2011-03-09,126.59,128.79,127.0,127.76,42400.0
2011-03-10,127.76,128.5,126.31,126.7,34122.0
2011-03-11,126.7,128.18,125.0,127.84,80177.0
2011-03-14,127.84,128.5,126.85,127.99,131048.0
2011-03-15,110.45,111.4,106.75,107.08,270640.0
2011-03-16,107.08,108.5,105.5,106.63,36071.0
2011-03-17,106.63,111.96,107.5,111.25,135335.0
2011-03-18,111.25,111.0,107.51,108.33,159484.0
2011-03-21,108.33,108.1,106.6,106.98,103875.0
2011-03-22,106.98,107.9,105.1,106.02,243634.0
2011-03-24,106.02,107.05,105.8,106.18,55647.0
2011-03-25,106.18,106.99,105.5,105.59,19269.0
2011-03-28,105.59,106.25,104.16,105.3,9085.0
2011-03-29,105.3,107.5,105.97,107.32,64672.0
2011-03-30,107.32,110.0,107.11,109.13,80757.0
2011-03-31,109.13,112.74,108.12,111.67,416712.0
2011-04-01,111.67,117.25,110.2,117.25,216281.0
2011-04-04,117.25,120.15,117.4,119.13,197092.0
2011-04-05,119.13,121.9,116.7,121.46,224833.0
2011-04-06,121.46,123.2,119.25,121.97,309450.0
2011-04-07,121.97,121.98,120.25,121.23,66865.0
2011-04-08,121.23,123.0,119.5,122.73,122570.0
2011-04-11,122.73,122.7,120.29,120.94,44211.0
2011-04-12,120.94,121.4,120.25,121.06,22205.0
2011-04-13,121.06,122.9,121.0,122.02,69187.0
2011-04-14,122.02,122.49,120.0,121.0,35543.0
2011-04-15,121.0,126.8,118.41,125.16,592309.0
2011-04-18,125.16,126.5,124.5,124.86,67996.0
2011-04-19,124.86,124.5,122.67,122.79,72315.0
2011-04-20,122.79,125.5,121.65,124.93,224639.0
2011-04-21,124.93,125.2,123.5,124.19,99724.0
2011-04-22,124.19,125.47,123.1,124.75,181642.0
2011-04-25,124.75,125.1,124.55,124.76,324806.0
2011-04-26,124.76,124.97,123.02,124.07,100747.0
2011-04-27,124.07,125.0,123.0,123.09,89918.0
2011-04-28,123.09,123.38,122.0,122.07,90377.0
2011-04-29,122.07,123.5,121.8,122.06,97608.0
2011-05-02,122.06,122.2,120.5,120.88,51695.0
2011-05-03,120.88,121.0,119.12,120.49,69249.0
2011-05-04,120.49,120.03,117.0,118.74,59633.0
2011-05-05,118.74,120.3,118.1,120.06,65852.0
2011-05-06,120.06,122.78,119.0,121.04,517452.0
2011-05-09,121.04,123.9,121.0,123.2,574257.0
2011-05-10,123.2,123.88,121.65,122.09,69743.0
2011-05-11,122.09,122.8,121.0,122.39,164300.0
2011-05-12,122.39,122.45,121.3,122.18,168591.0
2011-05-13,122.18,122.0,121.0,121.12,25556.0
2011-05-16,121.12,121.02,117.9,118.14,47887.0
2011-05-17,118.14,120.01,118.28,118.51,78118.0
2011-05-18,118.51,118.75,117.15,117.48,13411.0
2011-05-19,117.48,118.01,117.2,117.35,30085.0
2011-05-20,117.35,121.9,116.89,118.87,71712.0
2011-05-23,118.87,120.0,118.2,119.98,84967.0
2011-05-24,119.98,120.75,119.9,120.3,37229.0
2011-05-25,120.3,121.5,120.1,120.61,40753.0
2011-05-26,120.61,122.0,120.03,120.68,76991.0
2011-05-27,120.68,121.35,120.05,120.7,77246.0
2011-05-30,120.7,121.14,119.2,119.48,27147.0
2011-05-31,119.48,119.99,116.8,117.32,156009.0
2011-06-01,117.32,118.91,117.5,118.09,61689.0
2011-06-02,118.09,118.26,117.5,117.6,24182.0
2011-06-03,117.6,117.4,116.71,116.95,24111.0
2011-06-06,116.95,120.0,115.25,119.54,93542.0
2011-06-07,119.54,120.75,119.8,120.23,118932.0
2011-06-08,120.23,122.0,119.8,121.74,173956.0
2011-06-09,121.74,121.75,120.75,120.75,17006.0
2011-06-10,120.75,121.0,119.93,120.1,16752.0
2011-06-13,120.1,121.51,119.75,120.9,149420.0
2011-06-14,120.9,121.95,118.75,119.61,104632.0
2011-06-15,119.61,120.0,118.5,118.85,17854.0
2011-06-16,118.85,118.95,118.0,118.12,42830.0
2011-06-17,118.12,118.5,117.5,117.58,19758.0
2011-06-20,117.58,117.5,116.5,116.68,27522.0
2011-06-21,116.68,118.44,117.0,117.88,142926.0
2011-06-22,117.88,118.0,117.01,117.2,32049.0
2011-06-23,117.2,118.5,117.02,117.67,468629.0
2011-06-24,117.67,117.79,117.0,117.22,30922.0
2011-06-27,117.22,119.0,116.11,116.22,14141.0
2011-06-28,116.22,116.0,114.1,114.25,117747.0
2011-06-29,114.25,117.0,115.0,116.06,283492.0
2011-06-30,116.06,116.9,116.0,116.06,46240.0
2011-07-01,116.06,118.0,116.0,116.03,242443.0
2011-07-04,116.03,120.0,114.53,118.64,227243.0
2011-07-05,118.64,119.9,118.5,118.98,33923.0
2011-07-06,118.98,119.9,117.91,118.53,26453.0
2011-07-07,118.53,119.0,116.89,117.15,19070.0
2011-07-08,117.15,118.2,116.85,117.36,9636.0
2011-07-11,117.36,117.5,116.5,116.97,13274.0
2011-07-12,116.97,116.88,116.22,116.36,8390.0
2011-07-13,116.36,118.0,116.55,116.7,31429.0
2011-07-14,116.7,117.2,116.23,116.92,10991.0
2011-07-15,116.92,118.0,117.0,117.33,49434.0
2011-07-18,117.33,119.17,117.06,118.97,168278.0
2011-07-19,118.97,121.0,118.1,119.34,351071.0
2011-07-20,119.34,120.44,119.03,120.01,160116.0
2011-07-21,120.01,120.99,119.16,120.08,136260.0
2011-07-22,120.08,122.68,120.0,121.98,342415.0
2011-07-25,121.98,122.0,120.2,120.51,81091.0
2011-07-26,120.51,121.7,120.6,121.5,117213.0
2011-07-27,121.5,121.25,119.65,120.32,26966.0
2011-07-28,120.32,120.01,119.05,119.68,16641.0
2011-07-29,119.68,120.25,119.26,120.0,17205.0
2011-08-01,120.0,122.99,120.51,121.09,46748.0
2011-08-02,121.09,121.04,119.5,119.9,8390.0
2011-08-03,119.9,121.0,119.02,119.12,147603.0
2011-08-04,119.12,119.35,118.5,118.82,13841.0
2011-08-05,118.82,118.25,115.0,117.51,108294.0
2011-08-08,117.51,117.45,115.03,116.99,218914.0
2011-08-09,116.99,116.0,114.0,114.57,38200.0
2011-08-10,114.57,118.25,116.0,117.14,17842.0
2011-08-11,117.14,118.0,116.5,117.21,17440.0
2011-08-12,117.21,122.9,117.01,121.01,135852.0
2011-08-15,121.01,121.75,119.01,119.35,59922.0
2011-08-16,119.35,120.5,118.05,119.84,86726.0
2011-08-17,119.84,121.5,119.01,120.6,152766.0
2011-08-18,120.6,120.5,117.55,118.37,124416.0
2011-08-19,118.37,116.95,114.25,116.43,21646.0
2011-08-22,116.43,117.0,115.0,116.57,14047.0
2011-08-23,116.57,116.25,115.02,116.0,12440.0
2011-08-24,116.0,117.5,116.05,116.78,14028.0
2011-08-25,116.78,117.0,115.0,116.56,28988.0
2011-08-29,116.56,116.55,115.15,115.87,10089.0
2011-08-30,115.87,116.7,115.0,116.54,13841.0
2011-09-05,116.54,119.35,117.0,117.59,10843.0
2011-09-06,117.59,118.25,116.5,117.87,50621.0
2011-09-07,117.87,118.5,117.0,117.28,19445.0
2011-09-08,117.28,118.1,117.0,117.0,15353.0
2011-09-09,117.0,117.5,114.06,115.57,12868.0
2011-09-12,115.57,116.25,115.01,116.06,10577.0
2011-09-13,116.06,118.95,115.5,118.05,24377.0
2011-09-14,118.05,118.0,116.5,117.1,18046.0
2011-09-15,117.1,117.7,116.5,117.51,28250.0
2011-09-16,117.51,117.97,116.7,117.28,6290.0
2011-09-19,117.28,117.7,116.77,117.0,7822.0
2011-09-20,117.0,118.5,116.52,118.48,68174.0
2011-09-21,118.48,120.79,117.55,119.86,344448.0
2011-09-22,119.86,121.0,119.0,119.52,207552.0
2011-09-23,119.52,121.0,117.56,118.49,218412.0
2011-09-26,118.49,117.1,115.11,117.0,41069.0
2011-09-27,117.0,119.0,116.05,118.71,21037.0
2011-09-28,118.71,119.97,118.12,118.32,13142.0
2011-09-29,118.32,118.89,117.5,118.0,14525.0
2011-09-30,118.0,120.0,118.01,119.36,21622.0
2011-10-03,119.36,119.2,118.0,118.4,16337.0
2011-10-04,118.4,120.07,118.0,119.26,175637.0
2011-10-05,119.26,120.48,118.31,118.7,62202.0
2011-10-06,118.7,120.0,117.9,118.27,52183.0
2011-10-07,118.27,119.0,118.01,118.77,48557.0
2011-10-10,118.77,122.5,118.02,118.91,266633.0
2011-10-11,118.91,119.2,117.5,117.67,70414.0
2011-10-12,117.67,118.15,117.5,117.83,36768.0
2011-10-13,117.83,118.59,116.25,116.48,64202.0
2011-10-14,116.48,117.0,116.5,116.92,9400.0
2011-10-17,116.92,119.6,115.7,116.12,581057.0
2011-10-18,116.12,117.9,116.5,117.12,46899.0
2011-10-19,117.12,117.8,115.35,116.13,272796.0
2011-10-20,116.13,116.5,115.55,116.0,132971.0
2011-10-21,116.0,116.1,115.5,115.86,53478.0
2011-10-25,115.86,117.0,116.0,116.28,37814.0
2011-10-26,116.28,116.78,115.7,116.14,19961.0
2011-10-27,116.14,117.49,115.5,115.63,10079.0
2011-10-28,115.63,119.0,116.0,117.79,37314.0
2011-10-31,117.79,119.49,117.0,117.49,100679.0
2011-11-01,117.49,118.43,117.25,117.54,27394.0
2011-11-02,117.54,119.0,116.18,118.73,47396.0
2011-11-03,115.73,116.25,115.0,115.07,88446.0
2011-11-04,115.07,115.9,115.1,115.54,10194.0
2011-11-10,115.54,117.45,115.5,115.57,226938.0
2011-11-11,115.57,116.7,115.0,115.55,148224.0
2011-11-14,115.55,116.45,115.5,115.83,31279.0
2011-11-15,115.83,116.0,115.3,115.7,21159.0
2011-11-16,115.7,115.69,115.0,115.1,17731.0
2011-11-17,115.1,115.5,114.3,114.54,39520.0
2011-11-18,114.54,115.09,113.61,114.92,19062.0
2011-11-21,114.92,115.25,114.0,114.48,16064.0
2011-11-22,114.48,115.25,114.25,115.03,23590.0
2011-11-23,115.03,115.7,115.0,115.41,28729.0
2011-11-24,115.41,116.1,112.35,112.6,319942.0
2011-11-25,112.6,113.1,112.41,112.83,30749.0
2011-11-28,112.83,113.0,111.01,111.26,10347.0
2011-11-29,111.26,112.5,111.0,111.99,21931.0
2011-11-30,111.99,113.0,112.1,112.82,13777.0
2011-12-01,112.82,113.25,112.0,112.12,11846.0
2011-12-02,112.12,112.15,111.0,112.06,13047.0
2011-12-07,112.06,111.9,110.0,110.16,13957.0
2011-12-08,110.16,111.07,108.32,110.97,9694.0
2011-12-09,110.97,111.13,109.51,110.88,9527.0
2011-12-12,110.88,112.1,110.99,111.38,17461.0
2011-12-13,111.38,111.05,110.05,110.34,13925.0
2011-12-14,110.34,110.9,110.5,110.62,8550.0
2011-12-15,110.62,110.85,107.75,108.52,75089.0
2011-12-16,108.52,109.99,105.95,107.66,26522.0
2011-12-19,107.66,108.65,107.0,108.04,10742.0
2011-12-20,108.04,109.55,107.25,109.07,9934.0
2011-12-21,109.07,109.9,108.5,108.52,25888.0
2011-12-22,108.52,108.99,108.0,108.06,5017.0
2011-12-23,108.06,108.96,107.71,107.8,17729.0
2011-12-26,107.8,108.2,107.36,107.5,10255.0
2011-12-27,107.5,108.0,107.0,107.17,8202.0
2011-12-28,107.17,108.0,106.96,107.0,253213.0
2011-12-29,107.0,109.0,107.25,108.0,11523.0
2011-12-30,108.0,108.89,106.0,106.08,108909.0
2012-01-02,106.08,107.5,105.9,107.2,8463.0
2012-01-03,107.2,111.5,107.16,111.05,29561.0
2012-01-04,111.05,112.8,108.61,108.87,52720.0
2012-01-05,108.87,109.49,107.5,107.85,33773.0
2012-01-06,107.85,109.9,106.6,108.22,32136.0
2012-01-09,108.22,108.25,107.7,107.81,188600.0
2012-01-10,107.81,108.5,106.02,106.88,18143.0
2012-01-11,106.88,106.9,106.0,106.39,26705.0
2012-01-12,106.39,106.5,105.5,105.54,12830.0
2012-01-13,105.54,107.3,105.81,106.15,43624.0
2012-01-16,106.15,107.0,106.06,106.73,44142.0
2012-01-17,106.73,108.51,106.71,108.05,25851.0
2012-01-18,108.05,110.05,108.05,109.95,107487.0
2012-01-19,109.95,111.0,108.76,109.01,30678.0
2012-01-20,109.01,111.5,109.5,110.49,167681.0
2012-01-23,110.49,114.93,111.56,114.45,185663.0
2012-01-24,114.45,118.34,113.5,116.41,111116.0
2012-01-25,116.41,118.35,115.7,115.93,54194.0
2012-01-26,115.93,116.49,114.5,114.78,17915.0
2012-01-27,114.78,116.6,114.1,114.82,14065.0
2012-01-30,114.82,115.4,114.0,114.11,12921.0
2012-01-31,114.11,115.2,113.99,114.23,7155.0
2012-02-01,114.23,115.0,114.25,114.3,8809.0
2012-02-02,114.3,115.55,114.2,114.76,29653.0
2012-02-03,114.76,116.25,114.04,116.02,38353.0
2012-02-06,116.02,118.5,116.0,117.14,78442.0
2012-02-07,117.14,119.1,117.25,118.86,63675.0
2012-02-08,118.86,120.5,116.0,119.18,52836.0
2012-02-09,119.18,120.0,118.25,119.39,23796.0
2012-02-10,119.39,124.4,119.3,121.88,255229.0
2012-02-13,121.88,122.55,119.51,121.95,89691.0
2012-02-14,121.95,122.75,121.2,121.24,36132.0
2012-02-15,121.24,121.5,118.51,119.24,59766.0
2012-02-16,119.24,119.98,117.4,117.57,143621.0
2012-02-17,117.57,120.5,117.51,118.94,202730.0
2012-02-20,118.94,119.9,118.13,118.49,60339.0
2012-02-21,118.49,120.3,118.55,118.7,90055.0
2012-02-22,118.7,124.5,119.5,123.5,295218.0
2012-02-23,123.5,126.5,122.5,125.17,518509.0
2012-02-24,125.17,127.75,121.65,122.56,959960.0
2012-02-27,122.56,123.0,120.75,121.4,612010.0
2012-02-28,121.4,121.84,120.25,120.47,112623.0
2012-02-29,120.47,121.9,120.11,120.6,246263.0
2012-03-01,120.6,120.87,119.27,120.01,300708.0
2012-03-02,120.01,120.75,120.0,120.2,125287.0
2012-03-05,120.2,121.0,120.0,120.49,187319.0
2012-03-06,120.49,120.89,120.04,120.25,210719.0
2012-03-07,120.25,120.48,119.0,119.21,114022.0
2012-03-08,119.21,120.15,118.6,119.97,153477.0
2012-03-09,119.97,120.43,118.0,118.81,217941.0
2012-03-12,118.81,120.5,119.01,119.11,178584.0
2012-03-13,119.11,119.4,118.01,118.62,90970.0
2012-03-14,118.62,120.0,118.3,119.42,105386.0
2012-03-15,119.42,120.0,119.0,119.78,91402.0
2012-03-16,105.25,107.4,103.0,103.89,74968.0
2012-03-19,103.89,104.0,101.5,101.79,60830.0
2012-03-20,101.79,103.85,101.4,103.4,46281.0
2012-03-21,103.4,103.1,98.25,100.74,149859.0
2012-03-22,100.74,102.11,100.25,100.7,62594.0
2012-03-26,100.7,102.5,101.0,102.05,839491.0
2012-03-27,102.05,103.75,101.5,103.29,58904.0
2012-03-28,103.29,108.45,103.0,108.06,183630.0
2012-03-29,108.06,110.5,107.2,109.86,246552.0
2012-03-30,109.86,112.0,109.17,111.37,104208.0
2012-04-02,111.37,111.97,109.75,110.0,45312.0
2012-04-03,110.0,115.0,109.0,112.82,490663.0
2012-04-04,112.82,117.5,114.0,116.15,298964.0
2012-04-05,116.15,117.5,112.5,112.55,170101.0
2012-04-06,112.55,114.79,111.5,111.83,101971.0
2012-04-09,111.83,113.5,111.2,111.72,32078.0
2012-04-10,111.72,113.5,108.0,108.98,132855.0
2012-04-11,108.98,110.94,109.0,110.0,121750.0
2012-04-12,110.0,111.9,108.5,108.95,24787.0
2012-04-13,108.95,111.48,108.5,110.11,81731.0
2012-04-16,110.11,109.15,106.8,107.9,268430.0
2012-04-17,107.9,109.25,107.3,108.21,35657.0
2012-04-18,108.21,111.5,108.0,109.47,199307.0
2012-04-19,109.47,110.99,107.57,109.06,207629.0
2012-04-20,109.06,110.2,108.5,108.81,78293.0
2012-04-23,108.81,112.1,108.11,110.25,161354.0
2012-04-24,110.25,115.7,110.5,112.92,702272.0
2012-04-25,112.92,117.0,113.0,116.28,564852.0
2012-04-26,116.28,117.0,113.5,113.77,189271.0
2012-04-27,113.77,114.69,113.02,113.42,44863.0
2012-04-30,113.42,113.1,111.6,111.97,42729.0
2012-05-02,111.97,113.8,111.5,111.64,75254.0
2012-05-03,111.64,115.0,111.55,114.49,293370.0
2012-05-04,114.49,117.75,114.5,116.54,1341005.0
2012-05-07,116.54,117.5,115.02,115.87,306662.0
2012-05-08,115.87,116.0,114.0,114.17,326083.0
2012-05-09,114.17,116.0,113.0,115.29,346651.0
2012-05-10,115.29,115.25,113.01,113.47,49981.0
2012-05-11,113.47,114.0,111.0,111.25,185552.0
2012-05-14,111.25,112.9,111.1,112.22,36902.0
2012-05-15,112.22,114.4,111.75,114.01,196907.0
2012-05-16,114.01,113.51,111.5,111.59,91672.0
2012-05-17,111.59,112.0,110.5,110.99,67033.0
2012-05-18,110.99,111.25,108.1,109.08,77524.0
2012-05-21,109.08,109.98,109.0,109.51,15366.0
2012-05-22,109.51,112.25,109.92,112.0,105498.0
2012-05-23,112.0,113.8,110.9,111.99,205687.0
2012-05-24,111.99,112.2,111.45,112.01,66519.0
2012-05-25,112.01,113.0,111.51,112.41,101079.0
2012-05-28,112.41,112.5,111.75,112.1,13986.0
2012-05-29,112.1,113.0,111.95,112.38,242028.0
2012-05-30,112.38,111.9,109.6,109.98,288288.0
2012-05-31,109.98,110.0,105.0,105.26,405226.0
2012-06-01,105.26,106.92,105.51,106.18,51144.0
2012-06-04,106.18,106.9,106.1,106.35,9911.0
2012-06-05,106.35,107.0,104.13,105.15,30773.0
2012-06-06,105.15,106.9,105.1,105.21,16074.0
2012-06-07,105.21,106.38,104.01,104.71,74185.0
2012-06-08,104.71,105.5,103.0,103.9,15750.0
2012-06-11,103.9,105.44,103.12,104.2,7775.0
2012-06-12,104.2,105.49,103.12,103.56,15969.0
2012-06-13,103.56,105.0,103.2,103.89,44862.0
2012-06-14,103.89,106.5,104.85,106.24,56785.0
2012-06-15,106.24,107.8,106.1,107.29,98533.0
2012-06-18,107.29,108.55,107.0,107.75,51335.0
2012-06-19,107.75,108.8,106.5,108.09,83631.0
2012-06-20,108.09,108.8,107.51,108.61,86118.0
2012-06-21,108.61,109.2,107.0,107.41,173189.0
2012-06-22,107.41,107.99,107.0,107.54,11974.0
2012-06-25,107.54,108.75,107.5,108.2,37251.0
2012-06-26,108.2,108.85,107.6,108.5,59588.0
2012-06-27,108.5,110.0,108.15,109.75,143919.0
2012-06-28,109.75,111.9,109.5,110.95,212348.0
2012-06-29,110.95,113.1,110.0,112.84,539823.0
2012-07-02,112.84,114.4,111.5,114.01,206815.0
2012-07-03,114.01,114.6,113.6,114.05,35026.0
2012-07-04,114.05,114.6,113.4,113.52,38990.0
2012-07-05,113.52,113.7,113.01,113.2,7475.0
2012-07-06,113.2,114.5,113.15,114.45,21126.0
2012-07-09,114.45,114.5,113.5,114.33,28585.0
2012-07-10,114.33,114.4,113.25,113.28,8271.0
2012-07-11,113.28,113.3,112.7,112.99,5287.0
2012-07-12,112.99,113.8,112.6,113.05,14560.0
2012-07-13,113.05,114.0,112.12,112.61,9753.0
2012-07-16,112.61,114.24,112.1,113.72,34968.0
2012-07-17,113.72,116.0,113.5,114.98,172571.0
2012-07-18,114.98,115.5,114.2,115.49,127988.0
2012-07-19,115.49,116.49,114.25,114.99,694120.0
2012-07-20,114.99,115.5,113.55,115.03,184902.0
2012-07-23,115.03,115.0,112.47,112.58,27700.0
2012-07-24,112.58,113.25,112.65,113.19,8300.0
2012-07-25,113.19,114.5,113.15,114.5,8000.0
2012-07-26,114.5,114.7,114.0,114.56,6100.0
2012-07-27,114.56,114.2,113.55,113.75,2200.0
2012-07-30,113.75,114.5,113.17,113.27,8000.0
2012-07-31,113.27,114.4,113.0,114.07,16700.0
2012-08-01,114.07,117.0,113.21,116.42,79300.0
2012-08-02,116.42,116.49,115.06,115.98,435800.0
2012-08-03,115.98,117.4,114.11,116.53,50100.0
2012-08-06,116.53,120.0,115.21,119.32,301400.0
2012-08-07,119.32,122.5,119.0,120.07,630900.0
2012-08-08,120.07,120.2,117.0,117.21,79600.0
2012-08-09,117.21,118.7,117.28,118.16,53900.0
2012-08-10,118.16,119.89,117.3,117.87,70600.0
2012-08-13,117.87,116.1,113.8,114.97,225600.0
2012-08-15,114.97,115.35,113.8,115.06,21600.0
2012-08-16,115.06,116.45,114.5,114.86,31700.0
2012-08-23,114.86,116.3,115.0,115.47,39800.0
2012-08-24,115.47,117.9,115.26,116.73,62300.0
2012-08-27,113.23,116.0,113.16,115.66,107100.0
2012-08-28,115.66,117.0,114.3,114.89,82700.0
2012-08-29,114.89,115.0,113.8,114.55,40400.0
2012-08-30,114.55,115.5,114.12,114.93,50600.0
2012-08-31,114.93,115.99,114.52,114.98,46100.0
2012-09-03,114.98,115.45,114.65,114.73,15800.0
2012-09-04,114.73,114.99,114.25,114.32,8100.0
2012-09-05,114.32,115.45,113.8,113.98,85200.0
2012-09-06,113.98,114.0,112.8,112.98,20500.0
2012-09-07,112.98,113.29,112.0,112.06,36400.0
2012-09-10,112.06,112.7,111.18,111.35,44200.0
2012-09-11,111.35,112.35,111.0,111.04,20500.0
2012-09-12,111.04,112.0,110.9,111.0,66100.0
2012-09-13,111.0,111.0,109.5,109.64,77200.0
2012-09-14,109.64,110.5,107.25,107.51,131100.0
2012-09-17,107.51,108.49,107.0,107.09,34100.0
2012-09-18,107.09,107.99,107.11,107.67,15400.0
2012-09-19,107.67,108.57,107.7,108.33,11200.0
2012-09-20,108.33,108.8,107.5,107.64,9000.0
2012-09-24,107.64,108.25,106.15,106.41,24600.0
2012-09-25,106.41,107.5,106.11,106.91,9000.0
2012-09-26,106.91,107.01,106.01,106.49,13000.0
2012-09-27,106.49,107.5,106.6,107.0,13100.0
2012-09-28,107.0,107.79,106.6,106.71,24200.0
2012-10-01,106.71,107.49,106.66,106.95,15200.0
2012-10-02,106.95,107.8,107.0,107.04,17400.0
2012-10-03,107.04,107.5,106.49,106.74,24400.0
2012-10-04,106.74,108.35,106.7,107.1,53500.0
2012-10-05,107.1,107.85,106.4,106.64,45000.0
2012-10-08,106.64,108.5,107.0,107.49,75300.0
2012-10-09,107.49,107.8,106.9,107.39,10900.0
2012-10-10,107.39,108.0,107.0,107.1,30400.0
2012-10-11,107.1,108.23,107.0,107.18,40900.0
2012-10-12,107.18,108.5,106.75,106.83,21600.0
2012-10-15,106.83,107.59,106.35,106.95,49700.0
2012-10-16,106.95,107.0,105.52,105.77,86500.0
2012-10-17,105.77,106.25,105.42,105.94,12900.0
2012-10-18,105.94,106.4,105.6,105.72,8200.0
2012-10-19,105.72,106.17,104.0,105.18,123700.0
2012-10-22,105.18,106.0,104.8,105.28,43000.0
2012-10-23,105.28,106.2,105.32,105.93,17000.0
2012-10-24,105.93,106.74,105.5,106.39,27700.0
2012-10-25,106.39,106.5,105.3,105.95,35100.0
2012-10-30,105.95,106.5,106.0,106.37,15600.0
2012-10-31,106.37,107.9,105.65,105.72,54100.0
2012-11-01,105.72,106.51,105.55,105.73,33300.0
2012-11-02,105.73,106.25,105.26,105.65,72100.0
2012-11-05,105.65,106.4,105.5,106.06,117500.0
2012-11-06,106.06,105.9,105.5,105.54,29700.0
2012-11-07,105.54,106.65,105.8,106.42,42600.0
2012-11-08,106.42,106.8,106.11,106.37,15600.0
2012-11-12,106.37,107.79,106.01,107.29,96500.0
2012-11-13,107.29,110.0,107.5,107.97,153700.0
2012-11-14,107.97,108.5,107.32,107.45,82200.0
2012-11-15,107.45,110.9,107.5,110.01,406000.0
2012-11-16,110.01,110.5,109.16,109.32,32000.0
2012-11-19,109.32,109.25,108.5,108.62,45900.0
2012-11-20,108.62,110.0,108.75,109.61,356600.0
2012-11-21,109.61,110.2,109.1,109.3,12700.0
2012-11-22,109.3,111.49,108.7,108.75,186600.0
2012-11-23,108.75,109.0,108.6,108.82,14900.0
2012-11-26,108.82,108.85,107.1,107.91,71900.0
2012-11-27,107.91,108.8,108.0,108.29,126800.0
2012-11-28,108.29,109.0,108.26,108.33,250400.0
2012-11-29,108.33,110.4,108.51,109.53,212900.0
2012-11-30,109.53,112.0,109.6,111.8,726500.0
2012-12-03,111.8,112.7,111.0,111.47,303700.0
2012-12-04,111.47,112.75,111.01,112.0,100900.0
2012-12-05,112.0,114.5,111.0,113.56,1304000.0
2012-12-06,113.56,116.4,114.0,115.94,617800.0
2012-12-07,115.94,118.0,116.51,117.33,425100.0
2012-12-10,117.33,118.99,117.0,117.08,194700.0
2012-12-11,117.08,117.4,115.4,116.53,142500.0
2012-12-12,116.53,117.0,115.81,116.15,17700.0
2012-12-13,116.15,116.22,115.65,115.76,16200.0
2012-12-14,115.76,117.0,115.8,116.97,31500.0
2012-12-17,116.97,118.5,116.15,116.96,47500.0
2012-12-18,116.96,118.64,117.0,118.01,201200.0
2012-12-19,118.01,118.95,118.0,118.33,32300.0
2012-12-20,118.33,118.4,117.8,118.14,42200.0
2012-12-21,118.14,118.14,117.5,117.88,40500.0
2012-12-24,117.88,118.0,117.0,117.84,22600.0
2012-12-26,117.84,118.0,117.0,117.92,69500.0
2012-12-27,117.92,118.0,117.6,117.64,19400.0
2012-12-28,117.64,119.0,117.6,118.07,23300.0
2012-12-31,118.07,118.35,117.15,117.81,29500.0
2013-01-01,117.81,118.0,117.6,117.81,25600.0
2013-01-02,117.81,117.6,115.5,115.54,30200.0
2013-01-03,115.54,117.1,115.09,115.5,19900.0
2013-01-04,115.5,116.48,114.5,114.98,16700.0
2013-01-07,114.98,115.1,113.85,114.02,21200.0
2013-01-08,114.02,115.29,113.05,114.73,55700.0
2013-01-09,114.73,115.0,114.2,114.96,34600.0
2013-01-10,114.96,115.0,113.6,113.88,28800.0
2013-01-11,113.88,114.5,113.6,113.99,37200.0
2013-01-14,113.99,114.39,113.5,113.88,11700.0
2013-01-15,113.88,113.97,109.0,110.35,43200.0
2013-01-16,110.35,111.7,109.4,111.17,18200.0
2013-01-17,111.17,114.0,112.51,112.72,55600.0
2013-01-18,112.72,115.0,113.9,114.16,56700.0
2013-01-21,114.16,115.7,114.5,115.49,22100.0
2013-01-22,115.49,117.4,115.1,117.22,64800.0
2013-01-23,117.22,117.8,116.5,116.99,13400.0
2013-01-24,116.99,117.89,116.55,117.01,22200.0
2013-01-28,117.01,118.0,117.0,117.2,8900.0
2013-01-29,117.2,118.5,117.0,118.01,64100.0
2013-01-30,118.01,118.6,118.06,118.12,58700.0
2013-01-31,118.12,119.1,118.01,118.65,22700.0
2013-02-01,118.65,118.9,118.05,118.08,13000.0
2013-02-04,118.08,119.2,118.25,118.71,49000.0
2013-02-06,118.71,119.5,118.3,119.0,496200.0
2013-02-07,119.0,119.01,117.15,117.27,123000.0
2013-02-08,117.27,118.49,117.5,117.65,19400.0
2013-02-11,117.65,118.4,116.92,116.99,79300.0
2013-02-12,116.99,118.0,115.8,117.44,575300.0
2013-02-13,117.44,117.3,116.62,116.93,1615900.0
2013-02-14,116.93,116.99,116.5,116.83,30200.0
2013-02-15,116.83,117.0,116.35,116.93,556700.0
2013-02-18,116.93,116.99,116.0,116.7,29000.0
2013-02-19,116.7,117.2,116.31,116.48,43500.0
2013-02-20,116.48,117.0,116.4,116.42,83400.0
2013-02-21,116.42,116.98,116.1,116.73,18800.0
2013-02-22,116.73,116.89,116.25,116.52,46800.0
2013-02-25,116.52,116.65,116.0,116.18,27200.0
2013-02-26,116.18,116.5,115.5,115.72,28400.0
2013-02-27,115.72,116.39,115.5,115.72,46300.0
2013-02-28,115.72,116.49,115.7,116.17,30900.0
2013-03-01,116.17,116.6,114.78,115.13,71800.0
2013-03-04,115.13,115.9,115.0,115.42,37900.0
2013-03-05,115.42,115.5,114.5,114.74,295800.0
2013-03-06,114.74,115.19,114.5,114.51,15400.0
2013-03-07,114.51,115.5,114.49,114.5,57500.0
2013-03-08,114.5,115.25,113.56,113.79,43200.0
2013-03-11,113.79,114.39,112.5,113.05,55600.0
2013-03-12,113.05,114.25,113.0,114.24,50900.0
2013-03-13,114.24,114.0,113.25,113.25,35000.0
2013-03-14,113.25,114.1,112.86,113.11,111000.0
2013-03-15,99.19,100.0,98.9,99.09,114500.0
2013-03-18,99.09,97.5,95.95,96.52,40200.0
2013-03-19,96.52,97.87,96.15,96.43,40300.0
2013-03-20,96.43,96.9,95.91,95.98,65100.0
2013-03-21,95.98,96.75,96.0,96.3,15200.0
2013-03-22,96.3,96.15,95.8,95.99,19700.0
2013-03-25,95.99,97.75,96.15,96.48,23600.0
2013-03-26,96.48,97.0,95.75,95.85,147900.0
2013-03-27,95.85,96.6,96.0,96.59,84800.0
2013-03-28,96.59,96.69,96.05,96.6,5900.0
2013-03-29,96.6,97.25,96.35,96.51,72000.0
2013-04-01,96.51,97.25,96.0,97.06,207600.0
2013-04-02,97.06,97.69,96.9,96.93,174500.0
2013-04-03,96.93,97.5,96.51,97.13,129800.0
2013-04-04,97.13,97.89,96.8,96.94,26000.0
2013-04-05,96.94,97.0,96.3,96.98,69200.0
2013-04-08,96.98,97.0,96.4,96.45,35500.0
2013-04-09,96.45,96.49,96.01,96.14,45400.0
2013-04-10,96.14,96.8,96.12,96.3,12700.0
2013-04-11,96.3,96.25,95.6,95.97,54300.0
2013-04-12,95.97,96.0,93.0,95.84,53400.0
2013-04-15,95.84,95.86,91.16,91.62,250000.0
2013-04-16,91.62,91.0,89.75,90.15,228100.0
2013-04-17,90.15,91.0,89.76,89.87,109500.0
2013-04-18,89.87,92.0,90.0,91.27,80700.0
2013-04-19,91.27,92.1,89.6,89.99,93600.0
2013-04-22,89.99,90.95,89.0,89.81,37900.0
2013-04-23,89.81,90.29,89.72,89.92,30100.0
2013-04-24,89.92,90.59,89.6,90.03,137500.0
2013-04-25,90.03,90.75,89.6,90.0,54100.0
2013-04-26,90.0,90.7,89.8,89.87,86500.0
2013-04-29,89.87,89.51,88.5,88.7,68700.0
2013-04-30,88.7,90.1,87.96,88.0,130600.0
2013-05-02,88.0,89.0,88.2,88.81,29300.0
2013-05-03,88.81,90.2,88.99,89.66,132600.0
2013-05-06,89.66,90.25,88.75,90.0,173700.0
2013-05-07,90.0,90.09,89.2,89.45,36200.0
2013-05-08,89.45,90.0,89.5,89.98,30000.0
2013-05-09,89.98,93.89,89.6,92.22,310800.0
2013-05-10,92.22,94.75,92.65,93.85,178200.0
2013-05-13,93.85,98.2,94.35,97.94,365100.0
2013-05-14,97.94,100.0,96.9,99.93,1282100.0
2013-05-15,99.93,102.5,99.0,101.55,408200.0
2013-05-16,101.55,103.5,101.04,101.81,458200.0
2013-05-17,101.81,102.3,101.0,101.13,233200.0
2013-05-20,101.13,101.9,100.32,100.5,117300.0
2013-05-21,100.5,102.0,100.95,101.03,229400.0
2013-05-22,101.03,104.5,101.4,103.15,444900.0
2013-05-23,103.15,105.5,102.5,104.22,361300.0
2013-05-24,104.22,104.25,102.5,102.94,105600.0
2013-05-27,102.94,103.0,101.0,101.35,163600.0
2013-05-28,101.35,103.74,101.5,103.35,280500.0
2013-05-29,103.35,104.2,102.3,102.45,283900.0
2013-05-30,102.45,103.2,101.75,102.92,106400.0
2013-05-31,102.92,106.0,102.75,105.65,943400.0
2013-06-03,105.65,108.88,105.55,108.17,982300.0
2013-06-04,108.17,109.25,107.6,107.99,401700.0
2013-06-05,107.99,108.25,106.95,107.51,341500.0
2013-06-06,107.51,112.35,106.28,111.94,1041300.0
2013-06-07,111.94,114.79,112.4,113.11,376800.0
2013-06-10,113.11,114.0,110.4,110.92,214500.0
2013-06-11,110.92,116.46,111.0,114.96,905200.0
2013-06-12,114.96,116.89,113.0,114.1,335900.0
2013-06-13,114.1,119.8,114.8,119.8,963700.0
2013-06-14,119.8,121.1,116.1,118.35,1071800.0
2013-06-17,118.35,119.25,115.99,117.46,1661100.0
2013-06-18,117.46,119.24,116.6,117.01,521300.0
2013-06-19,117.01,118.8,117.0,117.34,718400.0
2013-06-20,117.34,120.25,117.0,117.64,470000.0
2013-06-21,117.64,119.57,116.5,117.67,720500.0
2013-06-24,117.67,117.01,112.2,114.65,976300.0
2013-06-25,114.65,117.0,112.97,115.69,656400.0
2013-06-26,115.69,118.1,115.5,115.81,279300.0
2013-06-27,115.81,117.4,115.5,115.9,174200.0
2013-06-28,115.9,120.0,115.0,119.24,784600.0
2013-07-01,119.24,124.0,119.0,122.45,281900.0
2013-07-02,122.45,125.5,123.0,124.11,391300.0
2013-07-03,124.11,125.5,123.0,123.65,85900.0
2013-07-04,123.65,127.0,123.5,126.56,441700.0
2013-07-05,126.56,131.0,127.0,129.84,376500.0
2013-07-08,129.84,130.0,127.0,127.11,356400.0
2013-07-09,127.11,133.46,127.9,133.46,460200.0
2013-07-10,133.46,140.13,133.6,137.12,355500.0
2013-07-11,137.12,143.0,136.0,140.29,541500.0
2013-07-12,140.29,144.0,138.5,143.56,234700.0
2013-07-15,143.56,150.73,143.02,148.89,1694400.0
2013-07-16,148.89,153.9,149.55,150.22,994900.0
2013-07-17,150.22,153.5,145.5,149.06,560800.0
2013-07-18,149.06,155.2,146.0,153.39,1043100.0
2013-07-19,153.39,161.05,154.25,160.87,886400.0
2013-07-22,160.87,167.85,160.0,164.12,559800.0
2013-07-23,164.12,167.0,162.51,165.84,312900.0
2013-07-24,165.84,172.0,166.5,170.31,726000.0
2013-07-25,170.31,171.0,164.0,166.09,445800.0
2013-07-26,166.09,170.0,165.0,166.35,309800.0
2013-07-29,166.35,168.0,164.0,167.1,364400.0
2013-07-30,167.1,168.95,158.75,167.14,448900.0
2013-07-31,167.14,171.0,164.4,170.45,964400.0
2013-08-01,170.45,175.97,164.25,167.41,805100.0
2013-08-05,167.41,174.0,159.04,159.55,442300.0
2013-08-06,159.55,163.99,158.2,162.18,269000.0
2013-08-07,162.18,167.0,160.65,165.17,254900.0
2013-08-12,165.17,165.99,160.99,162.32,214600.0
2013-08-13,162.32,164.0,161.0,161.86,184400.0
2013-08-15,161.86,165.98,162.0,163.46,191000.0
2013-08-16,163.46,164.89,162.5,163.27,112000.0
2013-08-19,163.27,163.0,160.0,160.43,47000.0
2013-08-20,160.43,162.0,156.0,159.6,179200.0
2013-08-21,159.6,160.0,157.65,158.58,304200.0
2013-08-22,158.58,166.0,157.0,162.09,682000.0
2013-08-23,162.09,166.0,162.5,164.45,146400.0
2013-08-26,164.45,165.0,161.5,162.01,37000.0
2013-08-27,162.01,161.61,156.0,156.92,28000.0
2013-08-28,156.92,155.5,151.15,152.16,186400.0
2013-08-29,152.16,159.0,152.6,158.13,143900.0
2013-08-30,158.13,162.0,156.1,159.77,531900.0
2013-09-02,159.77,160.0,154.5,156.2,538700.0
2013-09-03,156.2,158.9,155.25,157.0,27300.0
2013-09-04,157.0,158.7,156.0,157.98,41100.0
2013-09-05,157.98,164.0,157.0,162.98,462800.0
2013-09-06,158.98,161.0,158.0,158.15,37500.0
2013-09-09,158.15,160.0,156.55,156.87,439100.0
2013-09-10,156.87,158.3,155.0,155.38,23700.0
2013-09-11,155.38,155.5,153.13,153.52,18900.0
2013-09-12,153.52,156.5,153.5,154.94,45900.0
2013-09-13,154.94,154.8,150.0,152.08,37400.0
2013-09-16,152.08,159.68,153.0,159.68,169700.0
2013-09-17,159.68,161.5,157.26,158.66,344400.0
2013-09-18,158.66,166.59,156.5,165.61,631900.0
2013-09-19,165.61,173.89,165.0,173.89,1600800.0
2013-09-20,173.89,177.5,167.11,170.64,867000.0
2013-09-23,170.64,173.1,169.3,170.68,255100.0
2013-09-24,170.68,172.0,164.0,165.71,1112900.0
2013-09-25,165.71,169.8,165.4,167.56,272300.0
2013-09-26,167.56,171.0,161.0,165.44,597700.0
2013-09-27,165.44,169.25,157.17,160.48,2041000.0
2013-09-30,160.48,156.5,152.46,152.46,519500.0
2013-10-01,152.46,153.0,144.84,151.76,790300.0
2013-10-02,151.76,153.55,149.5,150.08,132100.0
2013-10-03,150.08,150.5,145.5,147.16,63600.0
2013-10-04,147.16,150.99,145.0,145.75,97600.0
2013-10-07,145.75,146.0,142.0,142.78,276100.0
2013-10-08,142.78,148.8,142.98,147.57,154800.0
2013-10-09,147.57,150.75,146.99,149.85,353500.0
2013-10-10,149.85,151.6,146.55,147.85,154200.0
2013-10-11,147.85,149.84,147.1,147.93,69200.0
2013-10-14,147.93,149.01,146.0,146.24,67900.0
2013-10-21,146.24,149.6,146.31,148.16,93200.0
2013-10-22,148.16,153.9,146.5,152.96,287800.0
2013-10-23,152.96,154.4,149.0,149.86,187400.0
2013-10-24,149.86,152.5,148.5,149.26,44800.0
2013-10-25,149.26,150.74,147.1,149.95,174000.0
2013-10-28,149.95,150.0,147.5,148.08,16000.0
2013-10-29,148.08,149.05,147.1,147.32,9300.0
2013-10-30,147.32,148.75,147.0,147.06,15000.0
2013-10-31,147.06,148.7,147.5,147.83,124600.0
2013-11-01,147.83,149.45,144.21,145.32,264500.0
2013-11-04,145.3,145.3,140.0,142.79,99900.0
2013-11-05,143.88,148.0,143.6,146.54,94500.0
2013-11-06,147.99,150.0,147.0,149.41,159500.0
2013-11-07,148.15,150.8,148.11,149.22,92900.0
2013-11-08,146.06,151.3,146.05,150.78,148300.0
2013-11-11,150.0,158.31,149.4,157.5,391600.0
2013-11-12,157.5,163.8,155.0,159.66,366400.0
2013-11-13,161.0,162.99,158.2,159.17,105200.0
2013-11-18,159.15,163.49,157.0,161.58,215700.0
2013-11-19,161.51,163.3,160.0,160.4,57000.0
2013-11-20,161.5,162.0,158.5,159.16,64900.0
2013-11-21,158.2,159.9,157.0,159.12,49400.0
2013-11-22,158.0,161.8,158.0,161.3,65000.0
2013-11-25,161.4,162.0,158.4,158.88,91500.0
2013-11-26,158.95,160.7,156.1,160.11,155700.0
2013-11-27,159.5,159.94,158.0,158.84,45600.0
2013-11-28,159.45,162.0,159.45,159.8,172700.0
2013-11-29,160.0,161.9,159.0,161.04,177400.0
2013-12-02,161.0,163.5,160.5,162.51,322200.0
2013-12-03,162.99,165.5,162.4,162.7,112500.0
2013-12-04,162.1,164.8,160.5,162.31,814200.0
2013-12-05,161.8,163.5,161.75,162.99,100200.0
2013-12-06,163.99,165.4,162.35,162.79,146600.0
2013-12-09,161.9,164.0,161.9,162.11,25900.0
2013-12-10,162.01,163.0,161.0,161.12,30700.0
2013-12-11,162.0,163.0,161.0,161.28,33600.0
2013-12-12,162.7,162.7,161.5,162.04,23500.0
2013-12-13,162.0,162.75,161.56,162.2,38900.0
2013-12-16,163.05,165.0,161.9,162.4,209700.0
2013-12-17,162.99,163.1,160.51,161.54,683000.0
2013-12-18,162.0,163.49,161.75,162.18,1591700.0
2013-12-19,162.98,166.75,162.65,164.31,457500.0
2013-12-20,165.49,166.09,164.5,165.78,108500.0
2013-12-23,166.5,166.99,163.5,163.96,207200.0
2013-12-24,163.15,163.94,162.01,162.84,108500.0
2013-12-26,163.9,163.9,162.11,162.5,129700.0
2013-12-27,162.01,164.0,161.1,161.72,123300.0
2013-12-30,161.35,162.95,161.0,161.21,74100.0
2013-12-31,161.0,168.5,161.0,166.63,1065400.0
2014-01-01,165.79,166.0,164.11,164.45,38200.0
2014-01-02,164.55,165.8,164.51,165.11,78300.0
2014-01-03,165.0,165.0,163.55,163.79,58600.0
2014-01-06,163.05,165.5,162.65,162.87,141800.0
2014-01-07,163.98,163.98,162.67,163.17,45800.0
2014-01-08,164.0,169.0,164.0,167.13,286100.0
2014-01-09,168.0,175.48,167.0,173.44,484000.0
2014-01-10,172.05,182.11,172.05,181.57,550100.0
2014-01-13,181.8,184.9,179.02,180.09,430800.0
2014-01-15,180.4,188.5,179.5,181.1,2904300.0
2014-01-16,181.5,182.88,178.25,179.22,163000.0
2014-01-17,180.48,181.25,177.1,178.0,171900.0
2014-01-20,178.0,179.99,175.01,178.32,162300.0
2014-01-21,178.0,178.0,175.06,175.97,164700.0
2014-01-22,176.0,178.0,174.1,174.3,153400.0
2014-01-23,175.44,176.0,174.01,174.66,101900.0
2014-01-24,175.0,175.1,172.0,173.12,57500.0
2014-01-27,173.0,173.0,169.5,169.98,174600.0
2014-01-28,168.1,170.99,168.0,168.82,38800.0
2014-01-29,168.01,168.02,165.55,166.63,58000.0
2014-01-30,166.51,168.0,165.12,165.79,62400.0
2014-01-31,165.21,167.55,164.99,165.36,50000.0
2014-02-03,165.01,168.0,163.9,166.76,236800.0
2014-02-04,167.5,167.5,164.03,164.45,52400.0
2014-02-06,165.6,167.0,164.5,166.78,57800.0
2014-02-07,166.0,167.0,164.51,165.01,35900.0
2014-02-10,165.15,165.15,161.0,162.82,35800.0
2014-02-11,163.12,167.0,163.1,164.36,40900.0
2014-02-12,165.5,169.9,163.5,164.12,273200.0
2014-02-13,164.5,165.3,161.5,162.75,63900.0
2014-02-14,163.0,163.8,162.2,163.01,33900.0
2014-02-17,162.0,162.5,159.0,159.79,41300.0
2014-02-18,160.0,162.0,158.0,159.84,25600.0
2014-02-19,160.0,162.9,159.2,161.46,67200.0
2014-02-20,162.0,163.0,159.21,160.88,22000.0
2014-02-21,159.5,161.95,159.5,160.45,10600.0
2014-02-24,161.0,161.9,160.4,160.83,10100.0
2014-02-25,160.45,160.45,158.1,158.69,14400.0
2014-02-26,158.6,159.0,156.5,156.75,30300.0
2014-02-27,157.0,162.01,156.0,160.78,222600.0
2014-02-28,160.05,162.5,160.0,162.3,63800.0
2014-03-03,162.3,170.25,161.5,166.98,347800.0
2014-03-04,167.0,172.0,165.25,170.88,663000.0
2014-03-05,170.0,174.0,168.9,172.45,346600.0
2014-03-06,172.5,181.07,172.1,180.12,868500.0
2014-03-07,180.9,185.4,178.05,184.18,487600.0
2014-03-10,184.51,187.22,181.85,186.59,778100.0
2014-03-11,186.5,187.0,183.5,183.91,153000.0
2014-03-12,183.6,184.25,182.0,183.75,231500.0
2014-03-13,183.5,183.5,181.25,182.95,153800.0
2014-03-14,182.8,183.0,181.0,181.56,41500.0
2014-03-17,182.5,185.5,181.0,182.81,170900.0
2014-03-18,181.5,183.0,177.25,178.3,240300.0
2014-03-19,179.05,180.59,176.5,178.73,155500.0
2014-03-20,179.26,180.5,177.0,179.92,344400.0
2014-03-21,157.0,164.5,157.0,164.01,164600.0
2014-03-24,163.5,164.0,159.0,160.17,103800.0
2014-03-25,161.45,163.89,158.98,162.22,215000.0
2014-03-26,164.4,170.02,162.2,168.1,292200.0
2014-03-27,168.11,174.01,168.11,170.96,719600.0
2014-03-28,171.0,172.0,169.01,170.15,307300.0
2014-03-31,168.5,175.25,168.5,174.31,430600.0
2014-04-01,173.11,177.0,173.0,175.55,163400.0
2014-04-02,176.85,180.0,176.85,177.25,147200.0
2014-04-03,178.59,180.0,176.0,178.0,489000.0
2014-04-04,176.6,178.0,174.5,176.7,256500.0
2014-04-07,176.0,178.0,175.5,177.18,83200.0
2014-04-08,178.0,182.0,176.0,178.44,239600.0
2014-04-09,177.0,179.5,177.0,178.12,88300.0
2014-04-10,178.42,187.0,178.0,182.25,476300.0
2014-04-11,181.32,183.5,179.75,181.09,240300.0
2014-04-14,180.5,182.0,179.02,180.9,63200.0
2014-04-15,182.0,189.94,178.06,189.28,1238500.0
2014-04-16,190.5,196.5,190.5,191.96,935700.0
2014-04-17,192.19,195.6,183.01,192.11,1237700.0
2014-04-18,192.15,195.15,185.5,187.27,110500.0
2014-04-21,185.02,186.2,182.49,182.94,110600.0
2014-04-22,184.47,190.5,184.47,189.14,739600.0
2014-04-23,188.14,190.98,183.5,184.14,247800.0
2014-04-24,182.5,186.0,182.1,184.94,294300.0
2014-04-25,184.5,191.0,183.01,188.88,761700.0
2014-04-28,188.0,190.0,185.12,186.17,184200.0
2014-04-29,187.0,187.0,181.01,184.85,265100.0
2014-04-30,184.8,185.5,183.05,184.72,126000.0
2014-05-02,184.7,187.9,183.01,185.21,203900.0
2014-05-05,184.05,185.0,179.0,184.13,140000.0
2014-05-06,181.75,183.0,180.0,180.35,24400.0
2014-05-07,180.5,182.5,179.2,180.61,48700.0
2014-05-08,180.01,187.5,179.8,186.79,183900.0
2014-05-09,183.5,186.0,180.15,181.98,67200.0
2014-05-12,181.11,182.0,180.0,180.96,17300.0
2014-05-13,180.02,182.0,180.0,180.65,39000.0
2014-05-14,180.0,181.4,180.0,180.16,20000.0
2014-05-15,180.0,185.73,180.0,183.53,322000.0
2014-05-16,182.1,185.0,182.1,183.95,82700.0
2014-05-19,184.95,187.0,184.51,186.04,119500.0
2014-05-20,184.9,185.75,184.11,184.14,14000.0
2014-05-21,183.96,184.0,182.1,182.54,19200.0
2014-05-22,182.5,185.2,182.0,184.75,93500.0
2014-05-23,184.25,184.25,182.04,182.67,14400.0
2014-05-26,181.7,186.4,181.6,185.99,102000.0
2014-05-27,187.25,187.75,184.05,184.62,36300.0
2014-05-28,185.0,185.0,184.0,184.2,15700.0
2014-05-29,184.0,189.5,184.0,188.33,176900.0
2014-05-30,189.9,197.0,187.75,193.23,356100.0
2014-06-02,192.0,194.5,191.5,192.36,114200.0
2014-06-03,192.0,193.0,184.99,189.71,106900.0
2014-06-04,189.5,191.0,188.0,188.63,36600.0
2014-06-05,190.5,192.0,188.0,189.78,65100.0
2014-06-06,190.0,190.9,188.2,188.9,107900.0
2014-06-09,190.0,192.0,189.15,189.93,94300.0
2014-06-10,189.02,190.0,185.0,185.67,77800.0
2014-06-11,187.0,187.99,185.13,185.97,27700.0
2014-06-12,186.99,187.0,184.01,185.87,31700.0
2014-06-13,184.5,190.1,184.5,187.63,208500.0
2014-06-16,186.2,189.99,186.15,187.13,171800.0
2014-06-17,186.5,187.02,183.0,183.55,41900.0
2014-06-18,183.8,184.0,181.5,182.06,35200.0
2014-06-19,182.0,182.0,178.11,178.61,94700.0
2014-06-20,177.31,185.0,177.31,178.7,88300.0
2014-06-23,177.5,183.0,173.0,180.34,202900.0
2014-06-24,180.8,185.45,180.0,184.79,196500.0
2014-06-25,184.15,186.54,182.0,182.69,43000.0
2014-06-26,182.0,185.5,182.0,184.98,189400.0
2014-06-27,186.0,190.49,183.0,188.55,130500.0
2014-06-30,188.1,197.97,185.11,193.79,607000.0
2014-07-01,193.1,198.0,193.02,194.07,78400.0
2014-07-02,194.0,195.5,192.31,194.01,29500.0
2014-07-03,194.0,194.0,192.15,192.62,16700.0
2014-07-04,191.12,192.5,191.12,191.94,9200.0
2014-07-07,192.99,192.99,191.0,191.04,136100.0
2014-07-08,191.0,191.0,189.02,189.41,7000.0
2014-07-09,189.97,191.0,189.01,190.69,27100.0
2014-07-10,189.03,190.69,187.99,188.07,16800.0
2014-07-11,189.0,189.0,187.25,187.68,7000.0
2014-07-14,187.0,190.99,187.0,189.61,44500.0
2014-07-15,190.5,194.0,189.2,189.61,54800.0
2014-07-16,188.5,189.5,188.0,188.22,24300.0
2014-07-17,189.5,194.0,189.5,191.88,391300.0
2014-07-18,191.89,192.0,189.0,189.89,110400.0
2014-07-21,190.0,191.0,189.0,190.08,147100.0
2014-07-22,190.1,191.0,188.5,189.72,322300.0
2014-07-23,192.0,194.5,188.65,188.98,552700.0
2014-07-24,189.0,190.75,188.0,188.3,404300.0
2014-07-28,188.3,190.9,187.85,188.02,165100.0
2014-08-04,186.25,188.0,185.0,187.17,79500.0
2014-08-05,188.45,191.98,187.4,189.9,209300.0
2014-08-06,187.15,191.0,185.01,190.31,251600.0
2014-08-07,189.0,191.0,188.5,190.42,210000.0
2014-08-08,189.0,191.45,187.7,188.67,59000.0
2014-08-11,183.01,187.7,179.24,182.18,327100.0
2014-08-12,179.25,188.0,179.25,183.2,651500.0
2014-08-13,184.0,185.99,183.5,185.02,77900.0
2014-08-15,187.0,190.0,186.0,189.85,82200.0
2014-08-18,187.0,190.0,187.0,187.65,529500.0
2014-08-19,185.35,186.49,184.25,185.63,27000.0
2014-08-20,187.6,188.0,185.11,185.98,964900.0
2014-08-21,187.0,189.75,186.0,186.87,89300.0
2014-08-22,186.75,187.17,186.0,186.02,871400.0
2014-08-25,185.5,185.75,184.0,185.05,257300.0
2014-08-26,185.0,185.7,184.9,185.01,13000.0
2014-08-27,184.01,185.0,183.0,183.97,30100.0
2014-08-28,183.0,185.5,182.0,185.04,66200.0
2014-08-29,187.25,191.5,187.0,189.56,165900.0
2014-09-01,188.0,189.95,185.5,188.99,146400.0
2014-09-02,189.89,191.5,189.5,190.78,528900.0
2014-09-03,190.31,191.25,189.01,189.31,258100.0
2014-09-04,188.1,190.7,188.0,188.18,179500.0
2014-09-05,187.7,188.5,186.0,186.77,86100.0
2014-09-08,187.15,188.0,186.81,187.24,510200.0
2014-09-09,187.88,196.0,187.88,190.51,297500.0
2014-09-10,191.65,191.65,187.75,188.07,415800.0
2014-09-11,188.98,197.47,188.98,197.47,1259300.0
2014-09-12,199.9,202.0,193.15,194.9,902100.0
2014-09-15,194.5,204.64,193.9,204.62,2106600.0
2014-09-16,204.6,214.0,204.15,211.41,742800.0
2014-09-17,212.05,216.8,210.0,213.9,643400.0
2014-09-18,214.54,216.0,209.99,210.85,156900.0
2014-09-19,212.0,213.0,208.3,208.82,154700.0
2014-09-22,209.48,210.0,207.12,208.35,290400.0
2014-09-23,208.0,210.95,207.5,207.82,132900.0
2014-09-24,207.55,213.25,207.5,211.8,491500.0
2014-09-25,212.0,213.98,205.0,207.59,316500.0
2014-09-26,207.75,209.05,199.97,201.46,385500.0
2014-09-29,201.95,203.78,199.0,200.1,320700.0
2014-09-30,200.5,210.1,199.1,209.18,521200.0
2014-10-01,209.35,210.0,207.0,209.82,111200.0
2014-10-02,210.0,211.0,209.1,209.54,368500.0
2014-10-03,207.9,209.95,205.11,206.08,54800.0
2014-10-09,206.45,206.94,200.0,200.84,859400.0
2014-10-10,202.0,205.0,201.5,203.8,183600.0
2014-10-13,205.0,213.99,204.0,213.68,993000.0
2014-10-14,213.49,215.0,212.0,212.94,720000.0
2014-10-15,213.88,213.9,210.1,212.52,489300.0
2014-10-16,212.5,215.75,207.0,208.44,1133100.0
2014-10-17,209.45,210.0,206.0,207.06,333200.0
2014-10-20,205.65,211.5,205.65,206.39,316500.0
2014-10-21,208.2,209.99,205.0,206.94,357300.0
2014-10-22,209.47,211.0,207.55,208.3,264500.0
2014-10-23,208.5,218.71,207.5,214.11,604300.0
2014-10-24,213.15,215.5,209.5,211.57,577000.0
2014-10-27,212.0,217.0,212.0,216.51,248500.0
2014-10-28,217.0,217.6,214.0,215.36,55100.0
2014-10-29,216.0,216.0,213.0,213.39,126900.0
2014-10-30,214.0,216.7,213.51,214.6,151600.0
2014-10-31,215.9,218.0,213.5,214.53,128800.0
2014-11-05,213.5,217.0,213.5,216.15,138300.0
2014-11-06,214.1,218.5,214.1,217.07,261000.0
2014-11-07,215.05,216.3,214.1,214.49,60600.0
2014-11-10,214.08,215.0,212.99,213.59,370500.0
2014-11-11,212.6,215.1,212.51,214.74,152800.0
2014-11-12,215.2,218.0,213.55,215.15,172000.0
2014-11-13,215.15,216.01,213.0,213.11,492300.0
2014-11-14,212.88,213.99,211.5,211.85,55100.0
2014-11-17,211.99,215.25,211.99,214.48,46300.0
2014-11-18,213.6,215.0,213.0,213.21,32000.0
2014-11-19,213.0,213.75,210.0,211.76,52700.0
2014-11-20,212.0,212.0,201.18,207.0,220200.0
2014-11-21,206.0,212.5,206.0,209.49,256200.0
2014-11-24,209.6,210.15,208.25,209.65,56600.0
2014-11-25,208.13,210.5,206.5,208.7,89700.0
2014-11-26,208.0,211.0,207.75,208.58,98900.0
2014-11-27,208.8,209.1,207.15,207.44,15300.0
2014-11-28,206.0,207.5,204.5,204.75,101600.0
2014-12-01,206.0,206.0,201.0,201.56,202100.0
2014-12-02,203.0,205.0,200.5,201.43,335500.0
2014-12-03,202.0,203.3,200.1,201.15,226900.0
2014-12-04,202.0,205.0,201.55,204.39,559800.0
2014-12-05,204.79,209.45,204.0,205.98,733900.0
2014-12-08,206.7,210.2,206.0,209.6,199000.0
2014-12-09,208.51,210.45,208.0,208.91,58700.0
2014-12-10,208.03,208.95,206.0,208.03,59900.0
2014-12-11,209.02,210.0,207.6,208.0,320600.0
2014-12-12,206.01,210.0,206.01,207.38,381600.0
2014-12-15,208.89,208.89,208.0,208.03,121400.0
2014-12-16,207.5,208.75,204.0,207.63,3052200.0
2014-12-17,208.0,208.05,206.0,207.99,125900.0
2014-12-18,209.98,211.99,209.0,211.01,399300.0
2014-12-19,212.0,219.0,211.0,215.13,481900.0
2014-12-22,215.1,224.4,215.0,222.42,379700.0
2014-12-23,221.51,225.75,221.05,224.84,313300.0
2014-12-24,225.1,225.1,221.0,221.72,80100.0
2014-12-26,220.5,222.0,218.01,218.56,34100.0
2014-12-29,219.5,220.0,216.5,216.65,16500.0
2014-12-30,217.0,218.25,216.0,217.64,36600.0
2014-12-31,218.0,219.0,216.05,216.26,28700.0
2015-01-01,217.98,217.98,214.51,216.03,12800.0
2015-01-02,215.1,220.0,215.1,218.8,255600.0
2015-01-05,219.9,220.84,218.2,220.02,114400.0
2015-01-06,221.9,221.9,218.15,218.46,64300.0
2015-01-07,219.5,221.0,218.4,219.57,190800.0
2015-01-08,218.0,219.7,214.01,215.99,92700.0
2015-01-09,217.49,219.69,215.0,217.54,29500.0
2015-01-12,218.8,218.8,217.0,217.82,46200.0
2015-01-13,218.0,219.0,217.0,217.1,38200.0
2015-01-14,218.74,219.98,216.0,217.96,157700.0
2015-01-15,218.0,220.0,216.5,218.01,89200.0
2015-01-16,218.88,219.01,214.99,215.7,120400.0
2015-01-19,215.5,216.89,215.5,215.71,40000.0
2015-01-20,215.15,216.5,213.5,213.69,185600.0
2015-01-21,213.75,216.0,213.55,213.88,244400.0
2015-01-22,214.0,214.0,212.71,212.82,16800.0
2015-01-23,212.0,213.5,212.0,212.36,17500.0
2015-01-26,210.0,217.5,210.0,215.42,153100.0
2015-01-27,214.21,214.21,211.0,211.36,303600.0
2015-01-28,211.8,212.9,205.99,206.43,738100.0
2015-01-29,207.95,208.5,207.0,207.95,45700.0
2015-01-30,207.9,211.6,207.9,210.47,117300.0
2015-02-02,210.5,212.5,210.25,211.53,87800.0
2015-02-03,211.99,213.0,210.5,212.76,50800.0
2015-02-04,209.05,213.65,209.05,212.91,123800.0
2015-02-06,211.06,212.1,210.0,210.42,110900.0
2015-02-09,212.5,212.5,207.5,208.09,42700.0
2015-02-10,208.01,208.01,203.56,204.36,104000.0
2015-02-11,205.0,206.2,202.49,203.71,126600.0
2015-02-12,202.11,204.2,193.6,197.91,127500.0
2015-02-13,198.57,203.0,198.0,201.84,49400.0
2015-02-16,202.0,203.0,200.0,202.48,20600.0
2015-02-17,202.5,208.0,201.75,202.48,205500.0
2015-02-18,203.5,205.9,202.0,204.41,182000.0
2015-02-19,205.0,206.5,204.01,205.49,127000.0
2015-02-20,205.99,206.3,204.7,205.05,40200.0
2015-02-23,205.0,206.0,203.5,203.99,63700.0
2015-02-24,204.0,205.0,203.5,204.44,115200.0
2015-02-25,204.85,206.1,203.0,203.68,46300.0
2015-02-26,204.1,205.8,195.0,203.23,73100.0
2015-02-27,205.4,205.4,202.6,203.71,27500.0
2015-03-02,203.71,204.9,202.0,202.85,304000.0
2015-03-03,200.1,205.5,200.1,200.91,59800.0
2015-03-04,203.99,203.99,200.0,200.2,50000.0
2015-03-05,202.0,203.9,200.6,202.61,29900.0
2015-03-06,203.9,204.0,201.1,201.89,59100.0
2015-03-09,201.89,201.89,199.0,200.26,38300.0
2015-03-10,201.11,201.8,198.5,198.9,58500.0
2015-03-11,195.61,198.0,195.6,197.69,60700.0
2015-03-12,195.95,198.0,195.95,196.01,49400.0
2015-03-13,197.0,202.5,197.0,199.97,120200.0
2015-03-16,196.9,196.0,188.75,189.55,42700.0
2015-03-17,189.99,189.99,185.0,185.25,45200.0
2015-03-18,185.26,188.0,184.01,187.64,53400.0
2015-03-19,186.21,190.0,186.21,188.28,59200.0
2015-03-20,188.05,192.51,188.05,190.16,36300.0
2015-03-24,190.0,190.0,187.13,187.5,9700.0
2015-03-25,187.0,188.0,185.65,185.94,11600.0
2015-03-26,188.0,188.0,178.0,179.94,17300.0
2015-03-27,181.5,181.5,175.51,176.29,22100.0
2015-03-30,175.25,175.25,167.48,169.4,54400.0
2015-03-31,172.97,177.87,172.97,177.87,26200.0
2015-04-01,180.55,186.76,180.52,184.96,183700.0
2015-04-02,186.9,191.6,186.49,187.66,45900.0
2015-04-03,187.0,189.99,184.0,185.62,58400.0
2015-04-06,186.0,186.0,179.69,181.32,102100.0
2015-04-07,176.03,177.8,175.0,175.41,103200.0
2015-04-08,175.7,176.0,174.0,174.11,104500.0
2015-04-09,173.0,182.4,173.0,181.68,400100.0
2015-04-10,180.51,189.45,180.2,184.35,471800.0
2015-04-13,182.0,184.0,178.0,179.13,384000.0
2015-04-14,178.44,184.3,178.0,181.35,283500.0
2015-04-15,183.0,183.5,181.0,181.67,2215500.0
2015-04-16,182.0,189.0,181.5,188.51,643000.0
2015-04-17,185.0,187.0,183.0,185.19,5937000.0
2015-04-20,189.0,189.0,184.5,185.02,4772700.0
2015-04-21,185.5,186.5,184.2,184.9,8095300.0
2015-04-22,185.5,194.14,185.5,194.14,10543800.0
2015-04-23,199.0,199.0,193.15,195.34,3908100.0
2015-04-24,196.9,198.7,194.5,195.97,2493800.0
2015-04-27,196.0,201.51,192.05,200.1,4413700.0
2015-04-28,199.75,200.0,195.25,195.76,1239700.0
2015-04-29,196.25,197.25,193.0,196.89,4391000.0
2015-04-30,196.5,204.2,196.5,200.6,7792600.0
2015-05-04,201.9,205.5,199.66,203.01,7644600.0
2015-05-05,201.5,202.7,198.01,199.29,517100.0
2015-05-06,200.0,201.51,198.0,199.03,868600.0
2015-05-07,199.49,202.0,198.51,200.02,2498300.0
2015-05-08,200.0,201.5,199.95,200.23,604600.0
2015-05-11,199.5,201.49,196.99,199.98,940500.0
2015-05-12,199.01,204.5,199.0,203.48,392500.0
2015-05-13,203.0,204.0,199.51,201.25,3134100.0
2015-05-14,198.01,199.5,195.25,195.92,370900.0
2015-05-15,194.5,197.94,194.0,197.23,1132900.0
2015-05-18,195.5,197.4,195.0,195.98,303200.0
2015-05-19,195.98,197.45,195.0,196.96,268900.0
2015-05-20,196.0,197.6,195.1,197.32,1195200.0
2015-05-21,195.63,197.9,195.63,196.94,2832900.0
2015-05-22,197.0,199.49,195.6,196.12,153100.0
2015-05-25,190.05,196.0,189.5,193.93,3146000.0
2015-05-26,193.93,194.0,192.0,193.06,4934500.0
2015-05-27,193.5,196.5,193.0,195.89,3727800.0
2015-05-28,195.0,195.0,194.0,194.11,100500.0
2015-05-29,194.0,203.81,193.4,203.28,3426300.0
2015-06-01,204.0,213.2,204.0,212.91,2640600.0
2015-06-02,212.55,214.8,209.4,209.95,2072600.0
2015-06-03,211.0,211.3,209.4,209.42,1027900.0
2015-06-04,209.15,211.0,208.03,209.98,380100.0
2015-06-05,211.0,211.99,209.0,209.1,119900.0
2015-06-08,198.65,201.0,198.65,199.96,2430300.0
2015-06-09,200.46,209.0,200.0,204.8,850400.0
2015-06-10,206.0,207.01,202.0,203.3,1105000.0
2015-06-11,203.3,206.4,203.71,205.57,761400.0
2015-06-12,203.33,204.35,203.0,203.76,458400.0
2015-06-15,197.1,204.0,197.1,203.15,451500.0
2015-06-16,202.99,203.5,201.6,202.23,253600.0
2015-06-17,202.3,202.5,200.3,201.92,78500.0
2015-06-18,202.05,207.0,202.0,204.39,1047700.0
2015-06-19,203.05,206.0,203.0,205.07,286000.0
2015-06-22,205.0,207.49,203.01,206.99,862900.0
2015-06-23,204.01,205.8,204.0,205.62,320300.0
2015-06-24,206.0,209.0,205.21,207.01,1001800.0
2015-06-25,205.31,207.99,205.31,207.0,51900.0
2015-06-26,207.94,208.25,205.5,207.0,530500.0
2015-06-29,205.5,210.0,205.5,209.54,301800.0
2015-06-30,209.98,217.0,207.51,215.15,702000.0
2015-07-01,215.0,216.75,213.5,214.58,796400.0
2015-07-02,216.0,217.0,210.0,211.04,213500.0
2015-07-03,211.5,216.0,211.5,213.35,427200.0
2015-07-06,213.44,214.0,211.51,212.97,200200.0
2015-07-07,213.5,214.0,212.15,212.91,1866300.0
2015-07-08,212.0,214.63,212.0,213.37,73900.0
2015-07-09,213.9,214.5,213.0,213.74,1123300.0
2015-07-10,213.95,215.89,213.95,214.06,877500.0
2015-07-13,214.2,215.5,214.2,215.04,68700.0
2015-07-14,215.0,220.01,215.0,218.43,484800.0
2015-07-15,212.1,224.0,212.1,223.26,170800.0
2015-07-16,224.99,234.41,224.99,232.24,2625100.0
2015-07-22,232.0,235.0,228.0,231.41,1162100.0
2015-07-23,232.77,232.77,228.05,228.66,247700.0
2015-07-24,227.55,228.5,227.02,227.92,242500.0
2015-07-27,227.08,230.25,223.17,224.08,384000.0
2015-07-28,224.0,226.0,219.0,225.0,45900.0
2015-07-29,225.0,235.0,225.0,231.4,461400.0
2015-07-30,232.0,236.9,231.99,235.53,282200.0
2015-07-31,233.1,234.0,232.0,233.33,241500.0
2015-08-03,232.5,235.9,229.0,233.93,391700.0
2015-08-04,233.5,236.0,232.1,234.32,358700.0
2015-08-05,234.5,234.5,232.52,233.0,418400.0
2015-08-06,235.0,235.0,230.05,230.2,47700.0
2015-08-07,230.0,230.49,227.99,228.55,70900.0
2015-08-10,228.0,228.0,226.51,227.83,1644800.0
2015-08-11,226.1,227.35,224.99,225.93,69100.0
2015-08-12,229.06,229.06,225.1,225.26,579200.0
2015-08-13,226.0,226.0,222.02,222.56,431900.0
2020-08-17,128.0,128.0,123.01,124.02,925821.0
2020-08-18,124.99,125.48,122.0,122.49,1086619.0
2020-08-19,122.99,123.9,122.0,122.36,371392.0
2020-08-20,122.5,124.1,121.9,123.52,882970.0
2020-08-21,123.89,125.2,122.12,124.27,445630.0
2020-08-24,124.0,126.15,123.5,125.1,438253.0
2020-08-25,126.25,127.99,124.55,127.17,1204601.0
2020-08-26,128.45,135.6,127.25,134.65,2815112.0
2020-08-27,135.49,138.2,134.6,135.69,1657292.0
2020-08-28,136.0,136.7,134.5,135.22,184341.0
2020-08-31,135.55,137.5,133.25,134.46,1906037.0
2020-09-01,135.0,135.0,131.0,132.69,1785320.0
2020-09-02,133.6,136.0,132.51,133.41,939520.0
2020-09-03,134.31,136.88,133.03,133.72,1041058.0
2020-09-04,133.78,134.44,132.11,133.32,702762.0
2020-09-07,133.05,134.4,131.75,132.51,1684821.0
2020-09-08,132.49,133.49,130.2,130.83,1330444.0
2020-09-09,130.75,134.6,129.52,133.05,1045912.0
2020-09-10,133.9,137.15,133.5,135.0,1344579.0
2020-09-11,135.51,138.5,134.5,135.7,3078582.0
2020-09-14,136.0,137.02,135.26,136.7,436151.0
2020-09-15,136.0,137.5,135.1,135.49,390990.0
2020-09-16,135.13,135.85,133.15,133.78,547283.0
2020-09-17,134.89,134.9,133.1,133.76,608454.0
2020-09-18,134.0,135.0,132.5,134.22,1110632.0
2020-09-21,134.49,134.49,132.51,132.97,231696.0
2020-09-22,131.99,132.4,130.8,131.32,508364.0
2020-09-23,130.5,133.31,130.5,131.67,287716.0
2020-09-24,132.99,132.99,130.6,131.98,641821.0
2020-09-25,132.0,134.4,130.71,133.81,546930.0
2020-09-28,133.44,134.0,127.32,129.05,807471.0
2020-09-29,127.84,131.72,125.25,130.25,445919.0
2020-09-30,131.9,132.1,129.02,130.74,818892.0
2020-10-01,130.0,134.34,130.0,132.57,682516.0
2020-10-02,133.0,134.5,130.5,131.04,479944.0
2020-10-05,131.88,131.88,128.0,129.61,514826.0
2020-10-06,130.0,130.9,126.6,129.01,387174.0
2020-10-07,131.74,132.0,128.5,130.45,523146.0
2020-10-08,130.9,132.9,129.1,132.17,375319.0
2020-10-09,132.85,136.85,131.3,136.0,849739.0
2020-10-12,136.65,138.3,133.0,133.7,1084637.0
2020-10-13,134.44,135.69,132.75,134.73,622391.0
2020-10-14,135.0,135.0,133.25,134.66,201250.0
2020-10-15,134.35,135.8,132.16,132.62,526499.0
2020-10-16,133.88,139.5,130.11,138.61,3578881.0
2020-10-19,138.5,139.99,135.42,137.81,899791.0
2020-10-20,137.11,140.35,137.11,139.64,2405767.0
2020-10-21,139.07,140.15,138.52,139.63,652743.0
2020-10-22,140.5,141.5,138.15,139.12,1313611.0
2020-10-23,139.45,140.34,138.6,138.99,520121.0
2020-10-26,139.5,139.8,137.5,138.78,431583.0
2020-10-27,138.8,138.98,132.2,135.15,962602.0
2020-10-28,135.25,136.8,133.06,133.5,781060.0
2020-10-29,132.1,133.5,126.75,130.11,2206631.0
2020-11-02,129.99,130.0,125.25,125.97,978768.0
2020-11-03,126.9,132.0,126.9,130.99,2271383.0
2020-11-04,131.9,131.9,128.5,128.73,719907.0
2020-11-05,129.89,131.4,129.16,130.8,1009389.0
2020-11-06,131.44,131.88,127.05,127.83,522560.0
2020-11-09,128.1,130.94,128.02,130.21,2644077.0
2020-11-10,134.87,134.87,129.1,130.61,3450426.0
2020-11-11,131.89,133.95,130.01,132.75,2626483.0
2020-11-12,132.51,133.48,129.7,130.18,3333605.0
2020-11-13,130.51,132.0,130.05,131.13,674964.0
2020-11-16,131.45,132.45,130.05,130.57,1828356.0
2020-11-17,131.9,132.5,131.0,131.04,1798549.0
2020-11-18,130.9,131.4,129.0,129.83,2981244.0
2020-11-19,130.74,131.74,130.0,131.42,1612282.0
2020-11-20,131.0,131.83,129.75,130.34,1778387.0
2020-11-23,130.88,130.88,126.76,128.57,2378928.0
2020-11-24,129.0,130.01,128.48,128.73,1340129.0
2020-11-25,130.0,130.0,128.35,129.63,1912828.0
2020-11-26,130.8,131.05,128.75,129.81,2900517.0
2020-11-27,130.0,130.8,129.12,129.91,695936.0
2020-11-30,130.44,130.75,129.25,130.12,2735504.0
2020-12-01,130.5,131.5,129.6,130.61,2575827.0
2020-12-02,131.39,131.47,129.9,130.39,3635603.0
2020-12-03,130.01,130.98,129.75,129.91,1475106.0
2020-12-04,130.0,130.49,129.6,129.91,5045137.0
2020-12-07,130.01,131.2,129.0,130.33,3312481.0
2020-12-08,130.49,130.99,130.3,130.7,2961196.0
2020-12-09,130.99,132.07,130.59,131.31,4784767.0
2020-12-10,131.01,138.22,131.01,132.32,10067093.0
2020-12-11,132.8,133.49,131.9,132.82,13323030.0
2020-12-14,133.0,133.79,132.61,133.28,3131914.0
2020-12-15,133.99,134.5,132.62,132.85,2998889.0
2020-12-16,132.85,133.8,132.06,133.21,6838035.0
2020-12-17,133.6,137.7,133.0,135.93,15773135.0
2020-12-18,136.0,137.9,135.0,136.53,10056351.0
2020-12-21,136.5,136.5,134.02,134.58,4756264.0
2020-12-22,134.5,135.99,133.0,133.12,4881094.0
2020-12-23,133.25,135.45,132.75,134.31,4301596.0
2020-12-24,135.45,135.5,133.01,134.39,3460629.0
2020-12-28,135.68,136.0,133.9,134.75,2568625.0
2020-12-29,135.06,135.49,130.85,131.69,3076521.0
2020-12-30,131.69,134.5,131.69,132.54,3765696.0
2020-12-31,132.5,133.0,132.0,132.28,726478.0
2021-01-01,133.8,135.99,132.65,133.14,5691473.0
2021-01-04,134.1,135.0,132.3,133.77,3395212.0
2021-01-05,134.0,136.7,133.1,134.98,6373631.0
2021-01-06,135.0,137.99,134.76,136.28,4656620.0
2021-01-07,136.84,140.0,136.8,138.88,11093886.0
2021-01-08,139.9,142.48,139.6,140.12,12254568.0
2021-01-11,141.5,141.9,138.9,139.97,3562029.0
2021-01-12,140.98,143.2,140.0,142.02,3965401.0
2021-01-13,142.9,144.8,142.02,143.2,3403879.0
2021-01-14,143.98,144.5,141.5,142.69,1583524.0
2021-01-15,143.44,143.44,141.15,141.5,919892.0
2021-01-18,141.15,142.25,140.1,140.98,1681485.0
2021-01-19,140.1,141.16,138.5,139.45,1994573.0
2021-01-20,139.0,141.95,138.25,141.54,4047339.0
2021-01-21,141.54,143.5,140.5,142.81,1571769.0
2021-01-22,142.55,143.49,141.81,142.98,2087135.0
2021-01-25,143.0,143.49,141.01,141.53,1214394.0
2021-01-26,141.9,142.2,140.88,141.05,1021215.0
2021-01-27,141.77,142.0,140.28,141.05,1087696.0
2021-01-28,141.05,144.75,140.9,142.07,2867301.0
2021-01-29,142.97,142.97,140.55,142.18,2026733.0
2021-02-01,142.47,142.69,140.9,141.25,1750088.0
2021-02-02,141.5,141.5,139.7,140.0,1180813.0
2021-02-03,140.58,141.01,139.5,140.09,2337796.0
2021-02-04,140.01,141.5,139.0,139.41,914415.0
2021-02-08,139.95,140.0,137.7,138.12,1416273.0
2021-02-09,138.7,139.0,135.99,136.58,1342598.0
2021-02-10,136.58,138.6,135.5,137.0,1918073.0
2021-02-11,137.1,139.0,134.0,134.74,3598119.0
2021-02-12,134.8,135.75,132.51,133.49,1325373.0
2021-02-15,134.5,136.25,133.49,134.89,1051682.0
2021-02-16,136.0,138.5,134.55,137.96,1746791.0
2021-02-17,139.01,140.24,129.05,130.26,6616307.0
2021-02-18,130.99,131.0,123.16,124.89,3057167.0
2021-02-19,125.49,126.97,123.0,123.8,1730848.0
2021-02-22,124.49,124.49,118.1,119.45,3485611.0
2021-02-23,120.0,120.97,116.4,116.9,2719702.0
2021-02-24,117.49,119.99,116.9,118.67,3034974.0
2021-02-25,119.8,122.0,119.8,121.63,4398324.0
2021-02-26,121.97,127.22,121.0,123.66,4882868.0
2021-03-01,123.0,124.8,120.85,121.75,1493603.0
2021-03-02,121.05,124.5,121.05,123.5,2285676.0
2021-03-03,123.25,123.26,121.01,121.42,1491313.0
2021-03-04,118.91,121.98,118.03,119.33,1739316.0
2021-03-05,120.05,122.0,118.5,121.49,1854911.0
2021-03-08,122.89,122.89,117.95,119.19,783257.0
2021-03-09,118.98,121.45,117.0,119.66,1586132.0
2021-03-10,120.0,120.0,117.4,117.84,673668.0
2021-03-11,118.98,118.98,114.01,115.49,1188520.0
2021-03-12,116.51,119.0,115.02,118.19,924779.0
2021-03-15,119.5,120.89,118.45,119.76,877093.0
2021-03-16,120.0,122.0,119.19,121.4,1034798.0
2021-03-17,123.15,125.0,122.5,124.03,1245841.0
2021-03-18,121.4,122.8,119.0,119.73,1360154.0
2021-03-19,120.89,125.0,118.01,123.35,2654698.0
2021-03-22,123.34,124.8,122.33,123.69,264991.0
2021-03-24,124.75,124.75,121.55,123.78,872323.0
2021-03-25,124.0,125.0,123.0,123.43,502918.0
2021-03-26,124.0,124.0,119.1,120.31,892420.0
2021-03-29,120.0,120.0,117.0,118.03,655363.0
2021-03-30,118.94,119.5,117.06,117.95,589234.0
2021-03-31,118.8,120.4,115.0,116.18,1835403.0
2021-04-01,116.78,119.0,116.0,116.81,1208979.0
2021-04-02,117.4,118.0,116.05,117.41,157824.0
2021-04-05,117.89,117.89,114.5,114.95,272428.0
2021-04-06,114.85,117.57,114.55,116.83,242127.0
2021-04-07,116.5,117.38,113.0,113.6,1813618.0
2021-04-08,114.87,117.4,112.11,115.66,998575.0
2021-04-09,118.0,118.95,114.01,117.37,558914.0
2021-04-12,118.7,118.7,116.0,116.65,179011.0
2021-04-13,117.3,118.04,115.77,117.7,977655.0
2021-04-14,117.94,119.3,117.94,118.8,1361999.0
2021-04-15,119.01,119.01,117.4,117.99,436813.0
2021-04-16,118.68,119.25,118.0,118.53,896941.0
2021-04-19,117.05,120.0,116.9,117.44,238583.0
2021-04-20,119.0,120.99,117.52,119.54,895996.0
2021-04-21,120.0,121.4,119.01,120.1,1072058.0
2021-04-22,120.05,127.49,120.05,122.77,1499670.0
2021-04-23,123.7,123.7,121.9,122.05,864770.0
2021-04-26,122.5,129.2,121.02,125.32,3305701.0
2021-04-27,125.7,127.95,125.03,126.03,1696191.0
2021-04-28,124.6,126.3,123.25,123.77,1338651.0
2021-04-29,123.8,126.99,121.0,124.05,2402046.0
2021-04-30,124.55,126.5,122.11,124.85,1872049.0
2021-05-03,126.0,127.85,123.55,125.84,3083550.0
2021-05-04,127.97,129.0,125.0,127.74,1612059.0
2021-05-05,128.0,128.0,125.99,126.49,440870.0
2021-05-06,127.47,127.8,125.7,127.07,2620856.0
2021-05-17,125.8,128.25,125.01,126.6,1281995.0
2021-05-18,126.95,127.44,125.01,126.22,963005.0
2021-05-19,126.0,126.0,124.4,124.89,855326.0
2021-05-20,124.5,125.75,121.2,122.04,790533.0
2021-05-21,122.95,125.3,122.05,123.89,1473126.0
2021-05-24,124.5,126.0,124.0,124.93,881822.0
2021-05-25,125.47,129.5,124.0,128.91,3880680.0
2021-05-26,128.99,131.0,128.01,130.43,2983057.0
2021-05-27,132.0,134.25,130.0,131.79,3910072.0
2021-05-28,131.01,135.19,131.01,134.07,4761834.0
2021-05-31,134.95,137.45,134.95,135.92,2293654.0
2021-06-01,135.96,137.75,135.5,136.76,1557538.0
2021-06-02,137.0,137.0,134.05,134.71,1366996.0
2021-06-03,135.83,136.0,132.57,134.05,1156765.0
2021-06-04,134.02,135.93,132.8,133.68,486834.0
2021-06-07,134.0,135.5,132.17,133.17,568821.0
2021-06-08,133.95,134.5,133.07,133.97,357452.0
2021-06-09,134.44,134.44,132.01,132.63,409842.0
2021-06-10,133.45,135.75,132.06,134.51,1506851.0
2021-06-11,135.05,136.5,134.25,135.1,1223602.0
2021-06-14,136.5,136.5,134.51,135.07,820637.0
2021-06-15,135.85,135.85,134.0,134.77,479868.0
2021-06-16,135.57,135.7,134.6,135.2,1257607.0
2021-06-17,135.5,135.69,133.5,133.67,169731.0
2021-06-18,133.05,133.77,129.0,130.03,2267721.0
2021-06-21,130.95,131.94,128.9,130.38,451442.0
2021-06-22,130.5,132.0,129.01,130.58,299893.0
2021-06-23,130.6,131.0,128.65,129.85,435491.0
2021-06-24,130.0,131.7,129.05,130.39,637245.0
2021-06-25,130.95,130.95,126.26,127.48,1753036.0
2021-06-28,127.25,128.0,123.0,123.46,1300352.0
2021-06-29,124.23,126.9,123.46,125.21,1156820.0
2021-06-30,124.94,124.95,122.05,122.37,4257352.0
2021-07-01,122.9,124.75,122.56,123.46,1048077.0
2021-07-02,123.86,124.88,123.0,123.57,822320.0
2021-07-05,123.15,124.45,122.5,122.61,413241.0
2021-07-06,123.9,125.9,122.51,125.5,2523758.0
2021-07-07,125.95,127.8,125.7,126.95,1409206.0
2021-07-08,127.24,128.55,127.15,128.28,1223609.0
2021-07-09,128.95,130.4,126.75,128.68,1872284.0
2021-07-12,129.44,129.95,127.31,129.03,483083.0
2021-07-13,129.5,129.5,127.5,128.97,777781.0
2021-07-14,129.3,129.49,127.62,128.93,641310.0
2021-07-15,129.45,129.59,128.0,128.41,470488.0
2021-07-16,129.01,130.5,128.0,129.97,1065671.0
2021-07-19,130.0,130.0,128.5,129.35,123932.0
2021-07-23,129.35,130.1,128.07,129.31,228896.0
2021-07-26,129.98,130.45,128.1,128.76,607740.0
2021-07-27,127.8,131.95,127.8,131.31,2267549.0
2021-07-28,131.9,131.9,129.55,130.8,802489.0
2021-07-29,131.0,131.0,128.5,128.93,531104.0
2021-07-30,129.0,129.47,126.0,126.67,2104560.0
2021-08-02,126.0,128.0,125.91,127.1,1102000.0
2021-08-03,127.7,128.88,127.11,128.5,850269.0
2021-08-04,128.98,129.99,128.01,129.58,1147034.0
2021-08-05,129.5,130.0,128.5,129.42,2016262.0
2021-08-06,129.05,129.85,128.72,129.06,644190.0
2021-08-09,129.89,129.89,127.1,128.43,997110.0
2021-08-10,128.85,128.95,127.55,128.46,170810.0
2021-08-11,128.46,130.48,128.05,128.84,606895.0
2021-08-12,128.84,129.72,128.55,129.31,269949.0
2021-08-13,129.0,129.98,128.6,129.68,212232.0
2021-08-16,129.97,130.5,128.25,129.92,577568.0
2021-08-17,130.65,131.0,129.1,129.76,554445.0
2021-08-20,130.0,130.45,129.3,129.52,657240.0
2021-08-23,129.52,130.99,129.5,130.2,1436189.0
2021-08-24,130.2,130.95,129.3,129.48,665106.0
2021-08-25,129.17,129.88,129.0,129.47,514053.0
2021-08-26,129.5,129.5,128.06,128.55,546479.0
2021-08-27,128.6,128.6,125.76,126.93,700103.0
2021-08-30,126.93,126.93,122.2,124.72,1847573.0
2021-08-31,125.0,127.35,124.07,125.2,1716145.0
2021-09-01,126.5,126.5,124.0,124.18,755613.0
2021-09-02,125.5,125.5,121.0,121.88,3167207.0
2021-09-03,122.5,122.99,119.75,120.83,1262849.0
2021-09-06,121.0,121.88,119.55,119.98,7009352.0
2021-09-07,120.25,120.25,117.0,119.09,1114530.0
2021-09-08,119.9,119.9,118.0,118.96,1021258.0
2021-09-09,117.6,118.5,115.15,116.17,2225103.0
2021-09-10,116.95,116.99,115.02,115.76,1112772.0
2021-09-13,116.35,118.97,115.52,117.63,2176748.0
2021-09-14,117.63,120.61,117.63,119.71,1840030.0
2021-09-15,119.99,121.0,119.05,120.0,1279190.0
2021-09-16,120.0,122.0,119.6,120.12,4589452.0
2021-09-17,120.44,120.44,118.33,118.97,1132673.0
2021-09-20,119.0,119.0,117.11,118.84,201140.0
2021-09-21,118.95,121.0,116.11,116.87,801918.0
2021-09-22,117.5,117.9,114.01,115.45,1150303.0
2021-09-23,115.5,116.4,114.0,115.46,818807.0
2021-09-24,115.99,115.99,113.51,114.89,143084.0
2021-09-27,115.0,115.0,111.0,111.99,5459595.0
2021-09-28,112.0,113.7,111.52,112.54,7044937.0
2021-09-29,113.9,113.9,110.41,110.91,1347349.0
2021-09-30,111.0,111.94,108.05,109.35,6587594.0
2021-10-01,109.95,110.89,108.6,110.09,3308845.0
2021-10-04,110.09,110.35,109.09,110.01,1599420.0
2021-10-05,110.02,110.7,109.0,109.35,1589523.0
2021-10-06,109.99,109.99,107.6,107.76,3148840.0
2021-10-07,108.0,110.34,107.76,109.08,2483027.0
2021-10-08,109.5,111.0,108.5,110.26,5834015.0
2021-10-11,109.53,110.49,109.02,109.65,1206108.0
2021-10-12,109.73,114.89,108.98,114.02,6622254.0
2021-10-13,114.5,116.57,113.15,114.94,2676084.0
2021-10-14,115.0,119.5,114.1,119.15,2542510.0
2021-10-15,119.9,120.0,117.79,119.03,1357210.0
2021-10-18,119.74,122.8,117.05,121.79,1824940.0
2021-10-20,122.5,125.5,121.0,124.31,2318448.0
2021-10-21,124.0,131.9,122.22,127.74,6216289.0
2021-10-22,127.8,131.0,126.0,129.7,1951983.0
2021-10-25,128.01,129.0,126.55,127.8,544116.0
2021-10-26,129.7,129.7,125.0,125.72,722456.0
2021-10-27,125.4,126.51,122.9,123.87,1529652.0
2021-10-28,124.0,124.9,122.48,124.44,755674.0
2021-10-29,125.5,129.0,123.05,126.16,1933104.0
2021-11-01,126.95,128.99,126.01,126.96,465436.0
2021-11-02,127.0,128.9,126.0,127.98,2460565.0
2021-11-03,128.95,128.95,125.0,125.26,717179.0
2021-11-04,125.79,126.1,123.51,124.31,1660552.0
2021-11-05,125.89,126.4,124.05,125.55,1356774.0
2021-11-08,125.6,127.01,125.2,126.65,705569.0
2021-11-09,127.4,127.4,125.25,125.32,854225.0
2021-11-10,126.0,126.88,124.1,124.57,453390.0
2021-11-11,124.97,124.97,124.0,124.11,2398042.0
2021-11-12,124.1,125.47,123.0,123.41,415477.0
2021-11-15,122.15,125.94,122.15,124.91,495611.0
2021-11-16,125.45,126.49,123.05,125.95,878994.0
2021-11-17,126.5,127.75,123.66,124.66,4162783.0
2021-11-18,125.0,125.94,122.31,123.78,1242516.0
2021-11-19,123.6,126.9,123.6,125.86,3135415.0
2021-11-22,128.0,129.1,123.52,124.68,4487112.0
2021-11-23,124.5,124.5,122.4,123.27,1852315.0
2021-11-24,123.05,123.05,119.57,120.15,3810386.0
2021-11-25,120.87,120.87,116.0,117.53,4966495.0
2021-11-26,116.1,120.74,116.1,119.43,3450455.0
2021-11-29,118.1,126.9,118.1,125.16,5093343.0
2021-11-30,126.89,127.75,120.01,123.35,31480344.0
2021-12-01,125.0,125.5,122.11,124.67,2901710.0
2021-12-02,123.99,124.04,117.5,119.52,2946383.0
2021-12-03,118.9,124.23,117.15,123.2,3277436.0
2021-12-06,123.9,123.95,121.06,121.42,1012588.0
2021-12-07,122.9,124.0,121.5,122.56,2059729.0
2021-12-08,122.95,123.85,121.15,122.4,2355553.0
2021-12-09,122.95,122.95,118.91,120.56,1054086.0
2021-12-10,121.8,121.8,119.46,119.58,1030716.0
2021-12-13,120.43,120.5,118.65,119.29,803835.0
2021-12-14,119.49,120.75,118.0,119.39,2087508.0
2021-12-15,119.96,120.0,118.51,118.95,1795873.0
2021-12-16,119.25,119.75,115.0,115.65,2280425.0
2021-12-17,116.7,118.55,114.5,118.04,1652856.0
2021-12-20,118.95,120.1,117.1,118.54,1565638.0
2021-12-21,118.0,119.02,117.21,117.69,533753.0
2021-12-22,118.7,118.7,117.0,117.99,761750.0
2021-12-23,116.57,118.5,116.57,117.34,801572.0
2021-12-24,117.8,117.8,116.51,116.8,321524.0
2021-12-27,117.91,117.91,116.0,116.16,379513.0
2021-12-28,116.88,116.9,115.2,116.0,745571.0
2021-12-29,116.57,116.57,114.8,115.0,1639485.0
2021-12-30,115.0,115.9,114.3,114.85,2189778.0
2021-12-31,115.3,117.5,114.31,116.62,2886976.0
2022-01-03,117.0,117.9,116.5,117.03,405791.0
2022-01-04,117.1,119.0,117.1,118.03,916386.0
2022-01-05,118.7,118.94,117.0,117.61,184922.0
2022-01-06,117.99,118.7,116.5,116.7,1361906.0
2022-01-07,117.9,119.5,116.55,118.28,1340981.0
2022-01-10,119.0,121.23,118.03,120.37,2955003.0
2022-01-11,120.85,122.5,118.8,122.17,1852575.0
2022-01-12,122.75,122.85,121.49,121.59,496255.0
2022-01-13,122.0,122.2,121.0,121.5,143600.0
2022-01-14,121.5,124.0,121.5,123.13,1138299.0
2022-01-17,123.01,123.1,122.0,122.15,449851.0
2022-01-18,122.15,123.0,121.23,122.01,476441.0
2022-01-19,121.3,122.8,121.05,121.57,768005.0
2022-01-20,121.49,122.45,119.7,122.04,350340.0
2022-01-21,122.5,122.5,121.05,122.13,96511.0
2022-01-24,122.25,122.45,121.15,121.44,220830.0
2022-01-25,121.05,122.08,121.0,121.58,311993.0
2022-01-26,121.75,121.75,120.8,121.01,271685.0
2022-01-27,121.65,121.65,120.5,121.01,403396.0
2022-01-28,120.1,121.5,120.1,120.54,456985.0
2022-01-31,120.2,121.7,120.2,121.19,691880.0
2022-02-01,120.55,122.5,120.55,121.68,376741.0
2022-02-02,121.02,128.0,121.0,124.71,3470427.0
2022-02-03,126.0,126.0,123.45,123.55,750312.0
2022-02-04,123.1,124.9,123.1,123.89,2721987.0
2022-02-07,124.44,125.0,123.55,123.92,191597.0
2022-02-08,124.4,124.55,123.0,123.58,1701938.0
2022-02-09,124.15,124.99,123.16,124.22,1243444.0
2022-02-10,124.22,124.99,122.03,122.33,1544517.0
2022-02-11,122.8,123.95,121.56,123.23,1131428.0
2022-02-14,123.23,124.5,122.45,122.6,532437.0
2022-02-15,123.85,123.85,121.6,122.02,1420639.0
2022-02-16,122.98,122.98,121.11,121.4,363293.0
2022-02-17,121.27,122.44,120.5,121.89,117622.0
2022-02-18,122.0,122.9,121.0,121.93,318035.0
2022-02-21,122.4,122.6,121.5,121.74,83287.0
2022-02-22,122.2,122.2,118.0,121.29,1400159.0
2022-02-23,121.65,122.0,119.22,121.41,811166.0
2022-02-24,120.0,121.45,115.9,116.44,1874967.0
2022-02-25,116.01,117.5,116.01,116.32,1155499.0
2022-02-28,117.41,117.41,115.02,116.17,1270047.0
2022-03-01,117.98,118.1,116.0,116.3,748773.0
2022-03-02,116.94,116.94,114.81,115.46,674871.0
2022-03-03,117.0,117.0,114.8,115.16,147193.0
2022-03-04,115.0,117.0,115.0,116.27,849987.0
2022-03-07,115.1,115.9,112.26,113.0,453555.0
2022-03-08,116.0,116.0,111.15,112.33,609309.0
2022-03-09,111.0,114.97,111.0,112.29,1056162.0
2022-03-10,113.9,115.85,112.3,114.04,1116936.0
2022-03-11,114.0,114.86,113.07,114.13,325294.0
2022-03-14,114.0,114.5,113.06,113.93,487685.0
2022-03-15,114.11,115.5,114.03,115.02,268479.0
2022-03-16,115.0,115.9,113.5,113.9,280721.0
2022-03-17,114.49,114.85,114.0,114.2,767312.0
2022-03-18,113.95,114.45,110.0,110.64,1285603.0
2022-03-21,109.5,111.0,108.39,110.61,841768.0
2022-03-22,111.34,111.89,109.5,110.05,669559.0
2022-03-24,110.68,112.39,109.52,111.98,893817.0
2022-03-25,112.84,114.0,110.55,113.51,523841.0
2022-03-28,113.69,114.38,111.0,113.7,378809.0
2022-03-29,114.4,115.0,113.11,113.27,749914.0
2022-03-30,113.98,114.5,113.0,113.63,100466.0
2022-03-31,113.99,114.0,112.6,112.91,734793.0
2022-04-01,112.6,114.5,111.9,113.91,1802294.0
2022-04-04,112.01,113.0,108.99,109.36,720783.0
2022-04-05,109.51,110.7,109.02,109.56,477499.0
2022-04-06,109.56,110.87,109.5,109.8,848481.0
2022-04-07,109.82,110.74,108.9,109.03,369037.0
2022-04-08,110.99,112.3,110.56,111.54,990236.0
2022-04-11,113.8,118.0,112.1,115.72,2207391.0
2022-04-12,116.0,119.0,115.72,116.36,703976.0
2022-04-13,116.36,116.99,115.6,116.11,645792.0
2022-04-14,116.2,116.8,115.61,116.05,1093663.0
2022-04-15,116.3,116.44,115.65,116.25,191033.0
2022-04-18,116.89,116.89,115.0,115.55,1195300.0
2022-04-19,115.1,116.32,114.5,114.95,687019.0
2022-04-20,115.07,115.9,110.0,111.06,982556.0
2022-04-21,111.5,112.87,110.71,111.32,768991.0
2022-04-22,112.0,112.0,110.57,111.31,430165.0
2022-04-25,111.52,113.0,111.52,112.31,430122.0
2022-04-26,113.49,113.49,111.5,111.79,913201.0
2022-04-27,111.45,111.5,109.0,109.73,633532.0
2022-04-28,111.5,111.5,108.0,108.85,1643917.0
2022-05-06,109.97,109.97,106.16,107.03,314657.0
2022-05-09,108.0,108.0,102.5,102.92,1731876.0
2022-05-10,101.51,105.97,101.51,102.16,288350.0
2022-05-11,103.99,103.99,100.5,102.27,1093343.0
2022-05-12,103.91,103.91,101.11,102.0,508998.0
2022-05-13,102.0,103.48,101.0,102.77,321289.0
2022-05-16,102.5,102.5,99.75,100.94,10735709.0
2022-05-17,101.8,102.35,100.15,101.71,1015919.0
2022-05-18,101.99,103.2,101.31,102.17,478743.0
2022-05-19,102.98,102.98,101.0,101.43,573923.0
2022-05-20,101.01,102.3,101.0,102.09,1150428.0
2022-05-23,102.1,103.24,100.2,102.06,579563.0
2022-05-24,101.0,103.29,101.0,102.33,533064.0
2022-05-25,102.45,102.9,101.02,102.61,2212379.0
2022-05-26,102.62,103.97,102.6,103.41,284727.0
2022-05-27,104.0,106.44,103.04,103.71,865427.0
2022-05-30,104.0,105.38,102.21,103.44,84055.0
2022-05-31,104.88,104.88,102.17,103.4,1211963.0
2022-06-01,103.0,103.8,101.7,102.02,597954.0
2022-06-02,102.99,103.0,99.3,99.64,1278137.0
2022-06-03,99.85,99.96,96.0,96.72,3428620.0
2022-06-06,96.1,99.0,96.1,98.19,338817.0
2022-06-07,99.49,99.9,96.15,97.08,263677.0
2022-06-08,98.33,98.33,95.75,95.89,282448.0
2022-06-09,95.89,96.89,95.05,95.35,159495.0
2022-06-10,96.58,96.58,95.0,95.23,328567.0
2022-06-13,95.99,95.99,89.0,90.44,1666847.0
2022-06-14,91.0,93.85,90.01,93.48,496900.0
2022-06-15,94.68,95.99,93.0,95.28,373084.0
2022-06-16,94.01,96.0,94.01,94.98,301742.0
2022-06-17,96.49,97.0,94.0,95.73,660783.0
2022-06-20,96.48,96.75,94.11,95.4,85696.0
2022-06-21,96.43,97.1,94.22,96.96,4839780.0
2022-06-22,96.15,99.39,96.15,96.73,3538321.0
2022-06-23,95.05,97.7,95.0,95.31,623293.0
2022-06-24,96.48,96.48,90.0,92.87,1533544.0
2022-06-27,93.0,97.49,91.1,95.24,992359.0
2022-06-28,93.61,96.44,93.61,94.97,573062.0
2022-06-29,94.99,95.13,88.3,90.08,3443169.0
2022-06-30,89.9,92.5,89.27,91.34,2566730.0
2022-07-01,91.49,91.98,89.72,91.14,652624.0
2022-07-04,91.25,92.59,90.0,92.12,204822.0
2022-07-05,92.0,92.55,90.5,90.67,96954.0
2022-07-06,91.9,91.98,90.11,91.7,121903.0
2022-07-07,91.6,91.97,91.12,91.82,45485.0
2022-07-13,89.05,93.97,89.05,93.06,92146.0
2022-07-14,94.0,94.3,92.41,93.79,488639.0
2022-07-15,94.98,94.98,92.52,92.86,119617.0
2022-07-18,90.27,92.85,90.27,90.93,212336.0
2022-07-19,91.0,91.94,87.8,88.58,536224.0
2022-07-20,89.25,90.0,87.48,88.33,147724.0
2022-07-21,89.8,89.8,86.0,86.53,477633.0
2022-07-22,88.95,88.95,83.9,84.64,353168.0
2022-07-25,85.45,85.45,83.5,83.57,94226.0
2022-07-26,83.6,84.48,81.1,83.92,311482.0
2022-07-27,86.99,86.99,82.99,84.44,1366469.0
2022-07-28,84.62,86.9,84.05,86.45,2531280.0
2022-07-29,86.9,86.9,85.0,86.25,628902.0
2022-08-01,88.95,88.95,83.36,85.97,734281.0
2022-08-02,86.0,86.0,84.9,85.05,710610.0
2022-08-03,85.6,87.95,84.21,86.51,1646552.0
2022-08-04,86.9,87.49,85.01,86.51,438995.0
2022-08-05,88.39,89.95,86.0,88.68,1594932.0
2022-08-10,89.0,92.89,89.0,91.29,1378718.0
2022-08-11,92.88,92.88,87.8,88.09,505366.0
2022-08-12,88.98,91.17,86.4,90.93,580206.0
2022-08-15,91.0,97.74,91.0,95.35,1772521.0
2022-08-16,95.5,99.8,94.0,96.95,1572294.0
2022-08-17,96.0,101.4,95.8,96.41,1225443.0
2022-08-18,97.89,98.49,96.5,96.61,292307.0
2022-08-19,97.99,97.99,94.1,96.37,506768.0
2022-08-22,97.49,98.5,94.45,94.73,811424.0
2022-08-23,93.01,98.0,93.01,94.57,1247637.0
2022-08-24,95.45,96.0,93.66,94.01,1771932.0
2022-08-25,94.25,95.68,94.25,95.29,725249.0
2022-08-26,95.06,96.2,93.39,93.78,504502.0
2022-08-29,94.5,94.5,90.03,92.44,411039.0
2022-08-30,93.11,94.87,90.41,90.9,664612.0
2022-08-31,91.99,91.99,89.27,90.66,680614.0
2022-09-01,91.18,91.18,89.75,90.25,258339.0
2022-09-02,90.95,90.95,88.06,89.87,170854.0
2022-09-05,91.0,91.0,88.0,88.5,274439.0
2022-09-06,89.35,89.35,87.8,88.45,118957.0
2022-09-07,89.0,89.0,87.1,87.98,298849.0
2022-09-08,88.74,88.74,87.15,87.55,142679.0
2022-09-09,88.18,88.18,87.1,87.53,77062.0
2022-09-12,87.5,89.0,87.02,87.14,312556.0
2022-09-13,87.53,88.75,86.81,87.99,409207.0
2022-09-14,88.49,88.49,86.52,86.76,193026.0
2022-09-15,87.49,87.6,83.3,84.56,422866.0
2022-09-16,84.0,86.0,82.7,83.15,1606236.0
2022-09-19,83.4,84.78,81.5,81.89,715849.0
2022-09-20,82.4,83.3,81.51,82.04,619915.0
2022-09-21,82.04,83.0,81.38,81.91,257611.0
2022-09-22,82.7,82.7,80.11,81.81,604518.0
2022-09-23,82.7,82.7,80.5,80.94,4937798.0
2022-09-26,80.61,82.49,80.61,81.05,522497.0
2022-09-27,81.79,81.79,80.62,81.06,937046.0
2022-09-28,81.7,84.1,81.15,81.47,1037680.0
2022-09-29,80.01,80.01,75.36,75.36,1825607.0
2022-09-30,69.71,69.71,69.71,69.71,697317.0
2022-10-03,67.26,70.95,67.05,68.19,13165202.0
2022-10-04,68.5,70.6,68.39,69.37,3411030.0
2022-10-05,69.03,70.59,69.03,69.61,940289.0
2022-10-06,69.98,71.39,69.5,71.13,2492074.0
2022-10-07,71.0,72.0,70.1,71.58,2131520.0
2022-10-10,72.49,72.49,70.7,71.52,1457962.0
2022-10-11,71.75,72.9,71.4,71.52,1303660.0
2022-10-12,71.5,72.0,70.01,71.64,883409.0
2022-10-13,71.99,71.99,71.35,71.53,1179978.0
2022-10-14,72.0,72.5,70.61,71.55,2259053.0
2022-10-17,71.9,71.9,71.4,71.51,1290144.0
2022-10-18,71.94,71.94,71.3,71.55,1366844.0
2022-10-19,71.5,71.8,71.4,71.53,1289881.0
2022-10-20,71.74,71.74,71.37,71.49,3777764.0
2022-10-21,71.49,71.89,70.5,71.49,3101946.0
2022-10-24,71.85,71.85,70.8,71.5,1516345.0
2022-10-25,71.51,71.68,70.8,71.09,524964.0
2022-10-26,71.0,71.1,69.52,69.85,646270.0
2022-10-27,70.99,70.99,69.46,69.78,399202.0
2022-10-28,70.88,70.88,69.13,69.55,356998.0
2022-10-31,69.5,70.48,69.35,69.73,491769.0
2022-11-01,70.49,70.5,69.7,69.97,992103.0
2022-11-02,69.85,70.49,69.08,69.29,517560.0
2022-11-03,69.48,70.0,68.7,69.11,1513917.0
2022-11-04,68.01,68.4,67.3,67.42,257254.0
2022-11-07,67.51,68.67,67.51,67.65,302170.0
2022-11-08,68.0,68.25,67.51,67.6,369854.0
2022-11-10,68.0,71.25,67.5,69.62,3760847.0
2022-11-11,69.99,70.29,69.26,69.49,541124.0
2022-11-14,69.49,70.29,69.1,69.92,575232.0
2022-11-15,70.0,70.0,69.6,69.76,497806.0
2022-11-16,69.2,69.9,68.75,69.16,352781.0
2022-11-17,69.16,69.9,68.36,68.48,329673.0
2022-11-18,69.4,69.4,67.85,68.29,637019.0
2022-11-21,67.52,68.49,67.5,68.13,265275.0
2022-11-22,68.9,68.92,68.0,68.27,100657.0
2022-11-23,68.73,68.95,68.11,68.37,132930.0
2022-11-24,68.1,68.67,67.51,67.68,1192088.0
2022-11-25,68.48,68.48,67.76,68.0,1248248.0
2022-11-28,69.0,69.0,66.5,66.94,712640.0
2022-11-29,67.87,68.5,66.52,68.2,778638.0
2022-11-30,68.49,68.75,66.5,66.59,807766.0
2022-12-01,66.98,70.1,66.98,67.92,5477595.0
2022-12-02,68.45,68.9,67.51,68.6,1432799.0
2022-12-05,69.45,69.45,67.6,67.78,876686.0
2022-12-06,68.0,68.29,67.15,67.93,311749.0
2022-12-07,68.0,68.25,67.3,67.5,1709572.0
2022-12-08,68.34,68.34,66.75,66.9,665889.0
2022-12-09,67.65,67.75,65.5,65.77,1549529.0
2022-12-12,66.29,66.35,65.2,65.57,5508129.0
2022-12-13,65.5,66.8,65.1,65.97,3577369.0
2022-12-14,65.55,66.45,65.55,65.85,738520.0
2022-12-15,66.0,66.0,62.11,64.34,2313381.0
2022-12-16,64.89,65.35,63.2,64.49,470757.0
2022-12-19,65.0,66.0,64.02,64.77,705108.0
2022-12-20,64.1,65.0,62.35,62.96,663578.0
2022-12-21,64.49,64.49,62.01,62.6,503372.0
2022-12-22,63.0,63.82,62.5,62.94,508933.0
2022-12-23,62.95,63.45,61.45,62.05,313705.0
2022-12-26,63.43,63.43,62.22,62.68,413864.0
2022-12-27,63.4,63.4,61.94,62.63,232433.0
2022-12-28,62.89,62.89,61.7,61.95,256561.0
2022-12-29,62.75,62.75,59.25,59.92,3057746.0
2022-12-30,60.34,64.0,59.6,63.73,3213843.0
2023-01-02,63.4,64.85,62.75,64.51,958977.0
2023-01-03,64.22,65.55,62.8,63.61,1449704.0
2023-01-04,62.1,64.0,62.1,63.78,109780.0
2023-01-05,64.7,64.8,63.0,64.55,199038.0
2023-01-06,64.97,64.97,63.51,64.04,145546.0
2023-01-09,63.75,63.75,61.8,61.99,280281.0
2023-01-10,62.2,63.77,62.2,62.49,289175.0
2023-01-11,62.5,63.5,62.3,63.2,288783.0
2023-01-12,63.94,63.96,62.8,62.9,277856.0
2023-01-13,62.3,62.95,61.74,62.37,133141.0
2023-01-16,63.15,63.15,60.99,61.77,134620.0
2023-01-17,62.98,62.98,60.9,61.4,426538.0
2023-01-18,61.3,62.4,61.0,61.99,461778.0
2023-01-19,61.97,62.5,60.05,62.19,729812.0
2023-01-20,62.5,63.8,61.0,61.7,1032972.0
2023-01-23,62.0,62.0,60.52,61.72,239903.0
2023-01-24,60.7,63.59,60.7,63.26,466645.0
2023-01-25,64.4,68.0,63.5,68.0,4073727.0
2023-01-26,70.5,73.1,70.5,73.1,8725035.0
2023-01-27,77.5,78.45,75.15,76.36,8556359.0
2023-01-30,75.95,76.5,72.25,73.06,1799948.0
2023-01-31,73.65,73.94,72.0,72.28,1474564.0
2023-02-01,71.81,74.5,71.81,72.41,6169725.0
2023-02-02,72.99,73.15,71.56,72.98,1219556.0
2023-02-03,73.0,74.1,72.06,73.27,1100144.0
2023-02-06,73.65,74.75,72.99,73.82,2747178.0
2023-02-07,73.55,75.0,73.5,74.21,4774538.0
2023-02-08,75.0,76.95,74.5,75.13,8611564.0
2023-02-09,75.74,79.74,75.74,78.55,6601780.0
2023-02-10,77.6,81.89,77.1,78.57,6746833.0
2023-02-13,78.98,80.0,77.9,78.85,2463261.0
2023-02-14,79.49,79.49,76.01,76.26,662428.0
2023-02-15,77.3,79.5,75.25,78.51,2352267.0
2023-02-16,79.4,79.4,76.5,76.79,1180501.0
2023-02-17,76.8,77.89,75.5,76.94,1178941.0
2023-02-20,77.0,77.0,74.32,74.93,399563.0
2023-02-21,75.89,75.99,74.03,74.48,373135.0
2023-02-22,74.5,76.5,73.4,75.42,735903.0
2023-02-23,75.39,75.45,73.0,73.38,634632.0
2023-02-24,73.5,74.8,69.31,69.56,1747078.0
2023-02-27,69.99,70.59,69.0,70.14,6188576.0
2023-02-28,70.5,70.73,69.24,69.37,2530013.0
2023-03-01,69.98,70.74,68.1,70.02,2117777.0
2023-03-02,70.75,72.5,69.5,71.53,2228981.0
2023-03-03,71.34,72.49,69.26,71.59,2962095.0
2023-03-06,72.34,72.34,70.03,71.67,1149366.0
2023-03-07,72.0,73.95,71.0,73.51,2982777.0
2023-03-08,74.7,75.3,73.7,74.74,3751825.0
2023-03-09,74.9,75.5,73.55,74.8,2483866.0
2023-03-10,74.9,75.99,74.7,75.27,1314955.0
2023-03-13,75.99,76.49,75.11,75.52,953150.0
2023-03-14,75.79,76.15,74.63,75.14,1293717.0
2023-03-15,73.55,76.97,73.55,75.65,4823752.0
2023-03-16,75.0,77.5,75.0,77.27,3058688.0
2023-03-17,77.51,79.4,74.5,75.61,9176555.0
2023-03-20,74.0,75.3,73.5,73.61,1059164.0
2023-03-21,73.5,74.84,72.75,73.91,318828.0
2023-03-22,74.24,74.7,72.51,72.98,204125.0
2023-03-24,74.85,74.85,71.31,72.5,82419.0
2023-03-27,72.99,73.88,71.51,72.95,804895.0
2023-03-28,73.94,76.0,73.65,74.75,3527993.0
2023-03-29,74.77,75.0,73.04,73.49,756878.0
2023-03-30,74.0,74.0,72.1,72.93,885431.0
2023-03-31,73.75,74.0,72.75,73.28,1791061.0
2023-04-03,74.0,74.25,71.15,73.14,323949.0
2023-04-04,73.5,74.0,72.6,73.03,200392.0
2023-04-05,74.49,74.75,72.6,73.82,2104072.0
2023-04-06,74.65,75.05,73.71,74.51,1718970.0
2023-04-07,74.65,75.01,74.1,74.28,2316191.0
2023-04-10,74.69,74.69,72.5,73.05,744066.0
2023-04-11,73.2,73.5,72.99,73.0,319761.0
2023-04-12,73.2,74.53,73.0,74.43,877738.0
2023-04-13,74.33,74.98,73.71,74.26,334999.0
2023-04-17,73.68,74.99,73.68,74.25,986977.0
2023-04-18,74.3,75.1,74.25,74.95,1068363.0
2023-04-19,74.25,75.42,74.25,74.88,1087505.0
2023-04-20,74.87,76.5,74.66,75.51,1068917.0
2023-04-26,75.0,76.5,74.3,74.66,1410115.0
2023-04-27,75.3,75.3,73.51,73.99,2102744.0
2023-04-28,74.8,74.8,72.12,72.51,1504181.0
2023-05-02,73.9,77.94,73.9,77.94,6029192.0
2023-05-03,81.5,82.01,77.5,78.24,23530334.0
2023-05-04,78.25,79.01,77.25,77.81,4781142.0
2023-05-05,76.89,78.78,75.8,76.96,2692466.0
2023-05-08,77.01,77.79,76.01,76.43,2168371.0
2023-05-09,76.85,76.85,73.0,73.5,4802446.0
2023-05-10,73.5,73.99,71.36,71.84,2522826.0
2023-05-11,72.31,74.59,72.15,73.21,2009034.0
2023-05-12,73.2,73.67,72.35,72.89,1814440.0
2023-05-15,73.0,73.5,71.82,73.1,1434377.0
2023-05-16,73.9,73.9,72.5,73.69,4289687.0
2023-05-17,73.69,74.99,73.63,74.05,2857483.0
2023-05-18,74.05,74.48,72.8,73.04,990829.0
2023-05-19,73.4,73.4,72.7,73.09,1091821.0
2023-05-22,73.0,73.2,72.7,72.79,965778.0
2023-05-23,72.6,73.4,72.41,72.58,758419.0
2023-05-24,72.95,73.7,72.8,73.13,1057146.0
2023-05-25,73.0,73.45,72.49,72.53,1323502.0
2023-05-26,72.12,73.0,71.7,72.19,2197486.0
2023-05-29,72.9,72.9,71.6,72.18,3047216.0
2023-05-30,72.1,74.95,72.03,74.32,5905853.0
2023-05-31,73.2,75.1,72.75,73.49,2100421.0
2023-06-01,73.88,74.0,72.8,72.96,475369.0
2023-06-02,73.38,73.38,72.0,72.18,3159408.0
2023-06-05,72.7,72.73,71.7,71.99,601559.0
2023-06-06,72.01,72.3,71.15,71.67,2155824.0
2023-06-07,71.55,72.2,71.2,71.74,1216068.0
2023-06-08,71.9,72.0,70.29,70.51,650557.0
2023-06-09,70.8,70.8,69.1,69.85,1121869.0
2023-06-12,69.7,69.7,66.0,67.26,3481955.0
2023-06-13,67.49,68.19,67.49,67.66,315133.0
2023-06-14,68.33,69.9,67.71,68.51,2204042.0
2023-06-15,67.67,69.25,67.5,68.84,737148.0
2023-06-16,68.25,69.69,68.1,68.49,788930.0
2023-06-19,68.49,69.4,67.9,68.55,4276332.0
2023-06-20,69.0,69.47,67.98,68.08,1338108.0
2023-06-21,68.05,68.74,67.9,68.1,1615439.0
2023-06-22,68.1,69.0,66.83,67.85,1688972.0
2023-06-23,68.0,69.45,66.6,68.17,1719662.0
2023-06-26,69.02,70.49,69.02,69.93,2341449.0
2023-06-27,69.88,74.2,68.8,73.23,6688542.0
2023-07-03,78.5,78.72,76.75,78.63,6303547.0
2023-07-04,79.7,79.7,76.62,76.78,2601726.0
2023-07-05,77.35,78.48,76.5,77.79,1703209.0
2023-07-06,78.9,79.29,77.62,79.14,2958196.0
2023-07-07,79.16,79.7,78.33,79.05,1098658.0
2023-07-10,79.01,79.4,77.86,78.16,1306297.0
2023-07-11,78.4,79.9,77.85,79.34,3957277.0
2023-07-12,79.5,80.8,79.15,79.9,3194172.0
2023-07-13,80.44,81.25,78.9,79.41,4784952.0
2023-07-14,80.0,80.0,78.3,78.41,3772721.0
2023-07-17,78.41,79.69,78.04,78.41,3165527.0
2023-07-18,78.6,78.95,77.14,78.08,5530864.0
2023-07-19,78.68,79.11,77.7,78.08,3659248.0
2023-07-20,78.44,79.4,77.85,78.03,3842743.0
2023-07-21,78.39,79.75,78.04,79.05,8255291.0
2023-07-24,79.89,79.98,79.06,79.47,2161744.0
2023-07-25,79.1,85.43,79.1,85.43,12648864.0
2023-07-26,86.49,87.0,82.12,84.92,10322599.0
2023-07-27,84.5,91.29,84.5,90.77,11869542.0
2023-07-31,91.5,97.58,91.5,97.26,14673538.0
2023-08-01,96.94,98.0,95.01,96.65,6095517.0
2023-08-02,96.5,103.9,95.52,102.2,18677605.0
2023-08-03,104.98,107.8,104.6,105.24,12084315.0
2023-08-04,104.0,104.89,102.2,104.31,4067599.0
2023-08-07,104.0,105.7,103.1,103.93,3719995.0
2023-08-08,103.03,103.5,100.26,100.91,2947084.0
2023-08-09,100.75,104.3,100.0,103.28,3628129.0
2023-08-10,104.0,104.2,101.0,101.57,2293921.0
2023-08-11,102.0,105.5,101.72,102.43,11415132.0
2023-08-15,103.0,103.45,101.82,102.11,866453.0
2023-08-16,101.05,102.5,100.5,101.28,1007952.0
2023-08-17,100.2,101.8,99.95,101.33,1319849.0
2023-08-18,101.25,102.45,101.05,101.25,1530212.0
2023-08-21,100.19,101.0,98.01,98.56,1396037.0
2023-08-22,98.29,99.32,97.6,98.56,1901474.0
2023-08-23,99.4,100.5,97.5,99.79,4511576.0
2023-08-24,99.25,100.75,99.25,99.9,10046060.0
2023-08-25,99.5,100.1,99.4,99.77,1378150.0
2023-08-28,99.06,99.88,98.25,98.93,808711.0
2023-08-29,98.0,98.84,96.15,97.59,1417854.0
2023-08-30,97.6,98.25,95.35,97.87,2201296.0
2023-08-31,99.0,99.0,94.0,96.14,2999070.0
2023-09-01,96.0,96.9,94.1,95.87,913660.0
2023-09-04,97.0,98.99,95.5,96.31,347198.0
2023-09-05,96.0,98.5,96.0,97.65,1186285.0
2023-09-06,97.96,98.5,97.21,97.64,1227413.0
2023-09-07,98.47,98.5,97.1,97.48,1186121.0
2023-09-08,97.99,97.99,96.42,97.31,3200703.0
2023-09-11,97.5,98.4,96.3,96.77,2835937.0
2023-09-12,97.0,97.63,95.9,96.25,1456006.0
2023-09-13,96.3,96.6,95.75,95.86,893778.0
2023-09-14,96.65,96.65,95.45,95.79,1058498.0
2023-09-15,96.5,96.5,94.55,95.14,4841767.0
2023-09-18,95.97,96.5,94.95,95.55,889980.0
2023-09-19,96.0,96.75,95.5,96.02,1715578.0
2023-09-20,96.8,96.8,95.45,95.51,882935.0
2023-09-21,95.5,96.75,95.01,96.26,3144597.0
2023-09-22,96.5,96.69,95.76,96.28,1863813.0
2023-09-25,96.6,96.6,94.25,94.43,2349224.0
2023-09-26,94.35,94.35,92.02,92.48,2075200.0
2023-09-27,92.0,92.5,90.41,90.51,1839908.0
2023-09-28,90.98,90.99,89.7,90.44,1735704.0
2023-10-02,90.52,91.38,89.56,90.03,473314.0
2023-10-03,90.0,90.49,89.55,90.01,2027775.0
2023-10-04,90.11,95.6,90.11,95.13,6427190.0
2023-10-05,95.89,96.95,95.25,96.35,2769647.0
2023-10-06,96.0,96.84,94.55,94.93,1659892.0
2023-10-09,94.13,95.3,93.0,93.87,884303.0
2023-10-10,93.5,94.93,93.3,94.05,1548916.0
2023-10-11,94.05,94.9,93.81,94.75,1574495.0
2023-10-12,94.49,95.7,94.3,95.34,6603532.0
2023-10-13,96.0,98.1,95.55,97.19,4567050.0
2023-10-16,98.7,99.75,96.9,97.07,2261851.0
2023-10-17,97.49,97.95,95.8,96.03,893777.0
2023-10-18,95.99,96.9,94.85,95.17,564595.0
2023-10-19,95.5,99.0,95.1,98.24,3130496.0
2023-10-20,98.55,100.94,97.6,99.84,6108214.0
2023-10-23,101.0,101.0,99.13,99.34,1445805.0
2023-10-24,99.9,99.9,98.11,99.12,815048.0
2023-10-25,99.4,100.7,96.5,97.45,2706525.0
2023-10-26,97.75,98.68,95.8,96.02,1123703.0
2023-10-27,96.7,97.5,95.01,95.38,1515079.0
2023-10-30,95.99,95.99,92.8,93.69,8100776.0
2023-10-31,94.35,95.0,93.55,93.75,1751671.0
2023-11-01,94.01,96.68,94.0,95.45,3197497.0
2023-11-02,93.0,94.99,92.53,94.79,1403865.0
2023-11-03,94.8,95.5,93.0,93.45,818894.0
2023-11-06,93.98,94.94,93.3,94.26,1160523.0
2023-11-07,94.05,96.25,93.75,94.05,2191751.0
2023-11-08,94.05,97.0,94.0,96.07,7270220.0
2023-11-10,96.25,97.6,96.05,96.67,3398014.0
2023-11-13,96.9,98.0,96.9,97.46,2758478.0
2023-11-14,97.2,97.99,97.0,97.27,2515511.0
2023-11-15,98.0,99.01,96.8,97.58,3705878.0
2023-11-16,98.0,98.5,96.26,97.56,1969654.0
2023-11-17,101.0,101.2,96.7,97.02,2955404.0
2023-11-20,97.5,97.69,95.82,96.43,405567.0
2023-11-21,97.0,97.7,96.65,96.75,1664356.0
2023-11-22,96.05,97.75,96.05,97.12,1455934.0
2023-11-23,96.5,98.4,96.1,96.91,3262230.0
2023-11-24,97.4,104.18,97.0,101.42,11462732.0
2023-11-27,102.25,109.03,102.1,109.03,10967560.0
2023-11-28,111.25,116.5,111.25,114.75,7088651.0
2023-11-29,115.0,116.5,109.5,111.18,3955219.0
2023-11-30,112.98,114.1,109.05,111.67,3226380.0
2023-12-01,112.49,112.99,110.5,111.54,885115.0
2023-12-04,112.0,113.1,111.16,111.51,1225196.0
2023-12-05,111.53,114.4,111.53,112.13,2229251.0
2023-12-06,113.0,118.0,112.45,116.96,2952670.0
2023-12-07,118.11,124.2,118.11,121.09,6384442.0
2023-12-08,122.0,130.17,121.2,129.52,8661913.0
2023-12-11,129.47,132.5,121.16,124.52,24836375.0
2023-12-12,124.98,125.4,122.5,123.72,2279126.0
2023-12-13,124.7,125.6,121.2,122.89,4172921.0
2023-12-14,123.94,124.49,121.0,123.33,4067144.0
2023-12-15,124.0,126.7,122.5,124.81,3642220.0
2023-12-18,125.11,126.5,123.0,123.58,1659917.0
2023-12-19,123.95,123.95,118.2,120.01,2757183.0
2023-12-20,119.1,121.0,116.25,119.16,2337889.0
2023-12-21,116.55,120.25,116.1,119.68,902675.0
2023-12-22,119.5,121.0,115.0,115.95,1557241.0
2023-12-26,116.0,118.8,107.25,108.0,5375214.0
2023-12-27,110.5,110.94,107.05,110.03,2964157.0
2023-12-28,111.26,113.49,110.2,111.16,3342584.0
2023-12-29,111.01,112.0,109.55,110.84,1490758.0
2024-01-01,110.83,116.5,110.83,115.75,2877447.0
2024-01-02,116.89,118.8,115.0,116.53,4163065.0
2024-01-03,117.01,119.21,116.49,117.69,3264531.0
2024-01-04,117.1,117.75,116.1,116.5,1132175.0
2024-01-05,117.45,117.99,115.2,117.41,1060265.0
2024-01-08,117.25,118.0,116.01,116.36,573038.0
2024-01-09,116.99,117.44,115.27,115.58,390894.0
2024-01-10,117.0,117.0,114.9,115.04,447283.0
2024-01-11,115.25,117.78,114.01,117.42,1236084.0
2024-01-12,118.0,119.0,117.5,118.47,1597241.0
2024-01-15,119.3,120.81,117.27,117.75,1911765.0
2024-01-16,117.26,118.0,116.25,116.62,1139653.0
2024-01-17,116.01,117.2,114.93,115.42,5075262.0
2024-01-18,115.0,115.85,112.66,114.65,872339.0
2024-01-19,115.25,116.5,114.07,114.63,358815.0
2024-01-22,114.64,115.48,113.1,115.0,563759.0
2024-01-23,115.1,116.6,115.1,116.01,9668921.0
2024-01-24,116.95,116.95,115.5,115.73,744945.0
2024-01-25,116.0,117.01,115.01,115.84,3340148.0
2024-01-26,116.0,116.89,113.51,114.0,2069564.0
2024-01-29,113.9,113.97,111.51,112.03,3150745.0
2024-01-30,112.99,113.98,110.4,111.05,1339104.0
2024-01-31,111.7,112.4,110.51,111.18,956494.0
2024-02-01,111.48,112.35,111.2,111.72,636327.0
2024-02-02,112.0,112.83,111.5,111.87,2207990.0
2024-02-06,113.7,113.7,111.8,112.3,1221222.0
2024-02-07,112.89,114.0,112.34,112.94,2244630.0
2024-02-09,110.5,111.9,106.27,110.72,1497628.0
2024-02-12,110.0,112.4,105.35,108.42,3683386.0
2024-02-13,107.01,110.5,103.0,110.0,1386292.0
2024-02-14,111.0,112.55,111.0,111.9,961375.0
2024-02-15,111.11,112.49,108.35,109.64,939367.0
2024-02-16,110.5,111.39,108.01,110.06,524336.0
2024-02-19,110.0,111.48,108.51,110.56,448399.0
2024-02-20,110.0,111.29,108.91,110.0,347629.0
2024-02-21,110.55,113.0,110.55,111.74,528231.0
2024-02-22,112.0,113.4,110.05,112.95,725835.0
2024-02-23,113.03,115.01,112.0,113.77,3344363.0
2024-02-26,113.77,116.0,113.77,114.75,3552299.0
2024-02-27,115.5,116.0,114.2,115.18,3449850.0
2024-02-28,115.0,116.98,114.06,114.8,5010576.0
2024-02-29,115.0,116.55,115.0,115.97,1616054.0
2024-03-01,116.05,117.8,115.85,117.06,2452549.0
2024-03-04,117.0,117.0,114.85,115.42,4070863.0
2024-03-05,116.0,116.41,115.05,115.7,1626318.0
2024-03-06,116.0,117.95,115.8,115.95,1631771.0
2024-03-07,116.19,116.5,114.61,114.93,677456.0
2024-03-08,115.49,116.0,114.31,114.46,491915.0
2024-03-11,114.0,116.0,114.0,114.67,396401.0
2024-03-12,114.67,114.91,113.26,113.68,317710.0
2024-03-13,113.68,114.0,112.06,112.79,471491.0
2024-03-14,112.99,114.0,112.55,113.65,1131221.0
2024-03-15,113.2,114.49,113.2,113.59,651359.0
2024-03-18,109.5,109.5,108.0,108.6,555706.0
2024-03-19,108.5,110.45,108.11,108.24,1222965.0
2024-03-20,109.0,109.5,107.49,108.21,734100.0
2024-03-21,108.74,108.8,106.19,107.0,2215557.0
2024-03-22,107.0,107.0,104.51,104.99,1356805.0
2024-03-25,105.0,105.75,103.0,104.13,925714.0
2024-03-26,104.49,105.0,103.0,104.21,898188.0
2024-03-27,104.0,106.4,103.5,104.46,1253860.0
2024-03-28,104.5,105.75,104.11,105.65,432652.0
2024-03-29,105.95,106.45,104.25,104.42,671014.0
2024-04-01,104.95,105.9,104.65,104.99,358080.0
2024-04-02,105.49,105.49,104.1,104.6,278078.0
2024-04-03,105.0,106.7,104.6,106.47,1048329.0
2024-04-04,106.69,109.9,106.0,108.85,1760545.0
2024-04-08,108.99,110.7,107.95,110.3,1508661.0
2024-04-09,111.79,112.84,108.75,109.65,4306345.0
2024-04-15,111.48,111.5,108.99,110.96,1519132.0
2024-04-16,111.3,118.48,111.0,115.81,15884192.0
2024-04-17,116.0,117.5,114.5,115.42,3631693.0
2024-04-18,115.8,116.73,113.6,114.35,3250009.0
2024-04-19,113.4,115.85,113.15,115.08,2278618.0
2024-04-22,115.1,116.5,112.51,114.53,48145538.0
2024-04-23,115.0,116.6,113.6,115.94,13143411.0
2024-04-24,115.99,119.1,114.98,118.2,12553982.0
2024-04-25,119.4,119.8,117.26,117.73,4556109.0
2024-04-26,118.0,118.6,116.3,117.89,3845181.0
2024-04-29,118.05,118.8,115.4,116.68,5594822.0
2024-04-30,116.94,118.2,116.0,116.47,4028185.0
2024-05-02,113.5,115.75,112.0,112.61,3468446.0
2024-05-03,111.73,113.88,111.73,112.1,6791235.0
2024-05-06,113.02,113.35,111.4,112.0,2726018.0
2024-05-07,111.98,113.49,111.5,112.88,3366186.0
2024-05-08,113.39,114.3,112.06,113.76,2989702.0
2024-05-09,113.51,114.6,112.9,113.56,1997634.0
2024-05-10,113.2,113.8,112.5,112.96,790046.0
2024-05-13,113.41,114.1,113.0,113.43,1666197.0
2024-05-14,113.1,115.26,113.1,114.9,4424900.0
2024-05-15,115.01,115.85,114.5,115.1,2513749.0
2024-05-16,115.5,116.4,114.8,115.98,4248282.0
2024-05-17,116.0,116.74,115.25,115.46,1108541.0
2024-05-20,116.1,116.1,113.27,113.79,1263164.0
2024-05-21,113.5,114.7,113.3,113.71,1899860.0
2024-05-22,113.9,114.25,112.51,112.93,777246.0
2024-05-23,112.75,113.97,112.26,113.29,905976.0
2024-05-24,113.25,114.95,113.05,114.29,2939584.0
2024-05-27,114.6,116.8,113.83,115.78,6155777.0
2024-05-29,114.75,115.35,113.1,113.82,1996194.0
2024-05-30,114.4,114.5,113.36,113.73,1100479.0
2024-05-31,114.0,114.38,113.4,113.97,2288708.0
2024-06-03,114.0,114.49,112.9,113.08,1294625.0
2024-06-04,113.08,113.5,111.22,111.98,2328511.0
2024-06-05,112.0,112.0,108.4,108.85,2994912.0
2024-06-06,108.85,110.49,108.1,108.82,1251708.0
2024-06-07,108.82,109.5,104.12,106.85,2526399.0
2024-06-10,106.48,107.46,105.1,105.48,1047371.0
2024-06-11,105.48,107.25,104.5,105.0,619877.0
2024-06-12,104.07,106.44,104.06,104.76,391283.0
2024-06-13,105.0,110.4,104.8,109.51,5604030.0
2024-06-14,110.0,113.25,108.9,112.37,5185713.0
2024-06-20,113.35,121.92,112.06,121.92,20943162.0
2024-06-21,123.5,127.97,122.4,125.65,12901998.0
2024-06-24,125.8,129.98,125.8,126.83,5385468.0
2024-06-25,126.8,128.3,125.5,126.31,2583232.0
2024-06-26,126.95,126.95,123.25,123.71,2146667.0
2024-06-27,125.0,126.0,123.25,123.96,1148778.0
2024-06-28,124.6,124.6,121.6,124.03,3455006.0
2024-07-01,123.99,125.7,122.52,125.07,1963928.0
2024-07-02,125.99,126.8,125.43,126.03,2221151.0
2024-07-03,126.75,133.75,126.5,132.52,7324743.0
2024-07-04,132.49,134.9,127.0,132.71,6996226.0
2024-07-05,132.5,140.75,130.3,139.0,10034650.0
2024-07-08,140.0,145.1,137.51,142.98,5278504.0
2024-07-09,143.11,145.9,139.0,140.55,3225650.0
2024-07-10,141.49,141.49,137.0,137.96,1934735.0
2024-07-11,137.9,141.97,134.4,139.95,4112879.0
2024-07-12,139.99,148.1,137.49,146.63,13200563.0
2024-07-15,148.0,153.26,148.0,148.77,7829515.0
2024-07-18,148.9,149.79,146.6,148.14,3008807.0
2024-07-19,148.25,148.25,140.1,141.7,4105210.0
2024-07-22,141.64,144.25,137.5,142.43,5099615.0
2024-07-23,143.48,145.0,140.1,141.31,2318442.0
2024-07-24,141.6,143.39,141.0,141.49,988990.0
2024-07-25,142.0,142.0,138.5,139.74,2704698.0
2024-07-26,139.7,139.7,136.0,136.92,675443.0
2024-07-29,135.79,138.69,135.55,136.11,1836143.0
2024-07-30,137.98,138.8,133.12,133.63,1604367.0
2024-07-31,133.63,136.9,130.3,131.86,2350522.0
2024-08-01,131.86,133.68,131.0,133.24,1582379.0
2024-08-02,134.5,137.5,132.0,135.88,4088836.0
2024-08-05,135.0,135.5,130.53,131.58,1826989.0
2024-08-06,132.87,135.2,131.11,132.49,2048309.0
2024-08-07,131.17,134.95,131.17,134.1,1305601.0
2024-08-08,133.85,136.74,132.6,136.21,3188687.0
2024-08-09,136.25,138.0,135.12,137.86,1073467.0
2024-08-12,136.14,138.3,136.14,137.42,643068.0
2024-08-13,137.0,137.9,135.61,137.0,479120.0
2024-08-15,137.0,138.95,136.0,137.97,428031.0
2024-08-16,138.48,138.94,136.52,137.37,181836.0
2024-08-19,137.45,138.0,134.6,137.34,702144.0
2024-08-20,137.99,138.0,136.01,136.91,186616.0
2024-08-21,136.95,137.48,135.05,135.99,403561.0
2024-08-22,136.0,136.0,132.51,133.9,842193.0
2024-08-23,134.6,134.6,133.0,134.07,515666.0
2024-08-26,134.12,134.95,128.5,129.07,3044515.0
2024-08-27,129.01,129.98,127.9,128.48,635725.0
2024-08-28,129.0,129.0,126.5,127.92,514558.0
2024-08-29,128.0,128.98,126.0,127.04,1469353.0
2024-08-30,126.78,128.8,124.6,125.42,2262774.0
2024-09-02,125.55,129.1,121.99,123.23,4119350.0
2024-09-03,119.5,120.0,118.5,119.58,1820294.0
2024-09-04,120.0,120.65,119.4,119.96,471361.0
2024-09-05,120.45,120.45,118.0,118.53,1560409.0
2024-09-06,118.5,119.95,118.03,119.5,985098.0
2024-09-09,119.9,119.9,116.0,116.63,1674924.0
2024-09-10,116.1,120.4,116.1,119.74,2113941.0
2024-09-11,119.49,119.5,116.06,117.02,1837630.0
2024-09-12,117.25,117.4,115.0,116.43,1187511.0
2024-09-13,117.0,117.48,114.8,115.5,745390.0
2024-09-16,114.9,116.45,114.55,116.0,238665.0
2024-09-18,115.55,116.9,115.55,116.26,904474.0
2024-09-19,116.7,122.1,116.01,119.67,3631265.0
2024-09-20,119.25,129.97,119.25,127.85,16166846.0
2024-09-23,128.0,129.38,126.41,128.31,6578961.0
2024-09-24,128.95,129.4,126.28,128.43,4258144.0
2024-09-25,128.99,130.2,127.05,129.45,3701632.0
2024-09-26,130.0,132.4,128.15,128.8,4352809.0
2024-09-27,128.0,129.65,127.6,127.86,2536054.0
2024-09-30,128.5,128.89,123.6,127.04,2427707.0
2024-10-01,127.01,128.87,124.1,124.94,1360816.0
2024-10-02,124.75,127.0,123.1,126.62,4590754.0
2024-10-03,126.05,129.8,125.57,128.19,7029524.0
2024-10-04,128.27,131.25,127.6,129.44,2129048.0
2024-10-07,129.0,129.81,128.25,129.1,2489854.0
2024-10-08,128.75,140.6,128.75,137.75,10525888.0
2024-10-09,140.11,144.0,139.0,140.23,5628651.0
2024-10-10,140.94,140.94,136.66,137.64,2862475.0
2024-10-11,137.5,138.9,134.79,136.05,4278696.0
2024-10-14,136.8,137.0,135.0,135.37,1370755.0
2024-10-15,135.25,137.98,134.61,137.25,674825.0
2024-10-16,137.95,139.5,134.01,134.84,2452858.0
2024-10-17,135.75,135.75,132.25,134.08,1650771.0
2024-10-18,132.26,134.95,131.6,134.02,1812545.0
2024-10-21,134.02,135.48,133.5,135.22,1067275.0
2024-10-22,135.2,138.0,135.11,135.28,1433632.0
2024-10-23,135.92,139.32,134.5,138.74,3975976.0
2024-10-24,136.97,139.89,135.0,138.25,4238144.0
2024-10-25,137.15,139.74,137.15,138.77,3277897.0
2024-10-28,138.5,141.5,138.5,139.86,3452345.0
2024-10-29,139.4,141.85,139.01,139.77,1472662.0
2024-10-30,140.0,140.5,136.1,136.98,619331.0
2024-10-31,137.0,137.0,130.0,130.75,3432757.0
2024-11-01,130.49,134.9,130.05,133.93,942345.0
2024-11-04,133.9,134.99,131.5,132.02,443202.0
2024-11-05,131.51,131.51,129.76,130.44,702163.0
2024-11-06,130.44,132.01,129.51,131.42,518233.0
2024-11-07,131.75,132.4,129.0,129.58,1417473.0
2024-11-08,129.51,130.94,128.46,128.95,1166098.0
2024-11-11,130.94,130.94,127.01,127.44,1128150.0
2024-11-12,128.0,128.0,125.0,125.49,1043642.0
2024-11-13,125.5,125.9,124.4,125.35,1150637.0
2024-11-14,125.5,130.99,125.25,130.53,2093410.0
2024-11-15,131.0,135.0,131.0,133.87,2916396.0
2024-11-18,134.2,139.6,132.05,138.35,2788981.0
2024-11-19,138.75,141.0,137.6,138.27,1966284.0
2024-11-20,138.5,140.98,133.51,134.09,4070058.0
2024-11-21,134.1,135.9,133.51,134.9,2979799.0
2024-11-22,135.5,148.39,135.5,144.7,19337975.0
2024-11-25,145.2,154.69,145.0,147.18,8325904.0
2024-11-26,147.74,161.9,144.1,154.51,15664430.0
2024-11-27,159.97,169.96,158.5,169.96,16437727.0
2024-11-28,175.26,182.4,171.75,177.44,9935745.0
2024-11-29,178.0,182.9,172.5,181.0,4003513.0
2024-12-02,182.35,184.79,177.75,182.44,3552010.0
2024-12-03,182.45,182.45,175.11,178.24,3401122.0
2024-12-04,178.16,179.0,172.8,173.77,4623087.0
2024-12-05,173.8,176.9,170.87,174.52,5266009.0
2024-12-06,175.0,177.25,173.05,174.16,3748921.0
2024-12-09,170.01,171.98,166.24,167.12,3592330.0
2024-12-10,167.0,168.45,161.44,163.8,3169807.0
2024-12-11,163.6,166.45,161.1,164.14,1676345.0
2024-12-12,164.0,170.0,164.0,169.41,3035039.0
2024-12-13,169.0,169.4,160.62,162.03,2530295.0
2024-12-16,162.0,162.75,158.55,159.63,4109609.0
2024-12-17,158.06,167.1,157.71,163.55,3255283.0
2024-12-18,167.0,167.1,160.01,161.72,1767041.0
2024-12-19,161.72,163.1,152.5,154.49,2194124.0
2024-12-20,153.11,157.0,153.0,156.55,1293668.0
2024-12-23,157.99,162.0,157.2,160.2,1939151.0
2024-12-24,160.43,162.51,157.75,158.28,1415722.0
2024-12-26,158.3,158.3,154.01,156.85,1519902.0
2024-12-27,156.5,157.69,155.0,156.18,1197397.0
2024-12-30,159.09,171.8,157.12,171.5,7671167.0
2024-12-31,173.11,178.5,168.96,174.46,7407018.0
2025-01-01,174.95,175.5,172.55,174.03,1804563.0
2025-01-02,174.0,179.95,174.0,177.02,4388527.0
2025-01-03,177.76,182.5,174.0,181.5,4584507.0
2025-01-06,182.9,182.9,176.5,180.05,4291933.0
2025-01-07,180.11,181.75,171.1,176.61,2682335.0
2025-01-08,176.8,178.5,171.5,173.05,673197.0
2025-01-09,172.1,176.0,170.5,174.15,1870419.0
2025-01-10,174.48,174.48,171.51,172.22,543986.0
2025-01-13,173.11,174.0,172.0,173.11,832354.0
2025-01-14,173.93,173.95,171.26,171.87,812561.0
2025-01-15,173.3,174.8,171.5,171.7,1548222.0
2025-01-16,172.95,173.48,171.01,172.35,1232646.0
2025-01-17,173.0,174.0,171.51,173.19,1706111.0
2025-01-20,172.9,175.25,172.1,173.25,1662367.0
2025-01-21,175.9,176.5,173.25,173.87,2763327.0
2025-01-22,173.87,175.05,171.6,172.23,3466260.0
2025-01-23,173.39,173.39,171.5,171.65,713488.0
2025-01-24,172.7,176.4,171.75,174.51,3353657.0
2025-01-27,174.52,176.1,173.6,174.3,2683010.0
2025-01-28,175.38,175.88,172.7,174.67,2280815.0
2025-01-29,175.9,175.9,172.05,173.72,1520016.0
2025-01-30,173.0,175.4,173.0,173.75,1126862.0
2025-01-31,173.17,179.4,173.0,175.99,2648935.0
2025-02-03,176.0,177.0,172.0,172.35,1015872.0
2025-02-04,173.0,173.49,169.05,169.54,1734368.0
2025-02-06,170.0,171.0,163.2,164.77,2172957.0
2025-02-07,165.0,168.49,163.2,164.14,1574322.0
2025-02-10,164.05,168.0,160.1,166.12,516169.0
2025-02-11,167.0,168.95,164.25,165.53,493311.0
2025-02-12,165.5,167.86,162.84,163.42,866334.0
2025-02-13,163.05,164.89,162.52,163.26,313059.0
2025-02-14,164.47,164.5,162.0,162.52,313820.0
2025-02-17,162.52,163.98,160.52,162.81,246520.0
2025-02-18,163.85,165.3,162.5,164.91,410196.0
2025-02-19,165.79,167.0,162.05,162.46,1208852.0
2025-02-20,162.72,162.72,159.11,160.43,898037.0
2025-02-21,160.7,161.97,157.5,158.2,468454.0
2025-02-24,158.5,158.5,149.6,154.38,7249879.0
2025-02-25,157.0,160.0,154.2,155.73,2334637.0
2025-02-26,155.01,156.39,152.9,153.74,808789.0
2025-02-27,153.5,154.4,150.31,151.69,670014.0
2025-02-28,153.0,153.45,151.53,152.47,1146474.0
2025-03-03,152.0,152.9,150.0,151.33,175840.0
2025-03-04,152.0,153.48,151.0,152.93,217870.0
2025-03-05,153.0,154.0,151.11,151.67,286992.0
2025-03-06,152.85,154.0,151.3,153.38,380000.0
2025-03-07,153.99,154.6,153.17,153.99,213958.0
2025-03-10,154.98,158.5,153.74,157.42,1360061.0
2025-03-11,158.0,158.99,155.01,155.65,785703.0
2025-03-12,155.65,157.99,155.55,156.35,766770.0
2025-03-13,156.88,160.75,156.5,157.36,1196969.0
2025-03-14,157.99,158.88,156.71,157.4,381403.0
2025-03-17,153.0,153.9,152.1,152.49,1343015.0
2025-03-18,152.5,153.9,152.5,153.38,1060902.0
2025-03-19,153.7,155.0,153.0,154.02,1120793.0
2025-03-20,154.11,155.0,153.88,154.03,1916112.0
2025-03-21,155.2,155.6,152.05,152.34,1177327.0
2025-03-24,154.4,154.4,151.0,151.46,191587.0
2025-03-25,151.02,154.1,151.0,151.6,818442.0
2025-03-26,153.0,154.5,152.07,152.89,754544.0
2025-03-27,153.97,154.0,152.5,152.79,568480.0
2025-04-03,153.48,154.9,152.08,153.7,1200284.0
2025-04-04,154.48,162.5,154.0,158.24,5435627.0
2025-04-07,155.51,158.0,143.11,152.01,1971965.0
2025-04-08,154.0,154.5,150.02,151.15,2340621.0
2025-04-09,150.9,152.5,148.75,150.25,987736.0
2025-04-10,153.95,153.95,150.67,151.04,2934385.0
2025-04-11,152.0,152.0,149.11,149.99,716336.0
2025-04-14,150.0,154.0,150.0,152.3,1745894.0
2025-04-15,153.9,154.6,152.05,152.48,1781141.0
2025-04-16,152.55,153.5,150.5,151.34,1080459.0
2025-04-17,151.0,152.99,150.99,152.18,916312.0
2025-04-18,152.52,153.4,142.9,146.66,9362714.0
2025-04-21,146.9,147.63,143.89,144.11,3660704.0
2025-04-22,144.9,145.89,143.36,144.19,1889245.0
2025-04-23,143.55,144.0,139.61,140.71,4346336.0
2025-04-24,139.0,139.48,137.75,138.22,1647520.0
2025-04-25,139.41,148.5,138.1,147.79,6914449.0
2025-04-28,151.64,154.99,149.5,150.6,5938523.0
2025-04-29,150.1,153.2,148.8,152.36,3484079.0
2025-04-30,151.9,151.9,146.88,147.34,3494774.0
2025-05-02,148.99,154.5,148.99,153.98,4361232.0
2025-05-05,150.0,150.0,147.1,147.38,1110494.0
2025-05-06,146.99,148.8,144.1,145.01,1129102.0
2025-05-07,140.0,143.5,139.0,140.49,1583584.0
2025-05-08,141.79,143.45,127.52,129.94,2473224.0
2025-05-09,131.0,140.5,130.5,139.99,1956686.0
2025-05-12,153.99,153.99,149.0,153.99,3231472.0
2025-05-13,155.0,159.25,154.0,158.05,10567032.0
2025-05-14,159.0,159.8,155.25,156.07,4540806.0
2025-05-15,156.0,159.25,155.1,157.5,2983095.0
2025-05-16,156.03,158.5,156.03,157.91,1867791.0
2025-05-19,158.01,158.99,156.5,158.51,1438626.0
2025-05-20,158.51,158.51,154.0,154.81,1100499.0
2025-05-21,155.0,157.75,152.17,156.91,3248216.0
2025-05-22,157.95,158.0,155.01,155.45,1288445.0
2025-05-23,155.05,155.94,153.99,154.09,487379.0
2025-05-26,155.5,156.59,152.8,152.92,777098.0
2025-05-27,154.6,154.65,152.53,153.73,168651.0
2025-05-29,154.85,155.5,153.1,153.8,267857.0
2025-05-30,154.01,155.49,152.7,153.32,452399.0
2025-06-02,153.89,156.5,153.0,153.24,672839.0
2025-06-03,154.0,163.0,154.0,161.19,5945782.0
2025-06-04,162.05,165.9,160.51,164.08,4475040.0
2025-06-05,163.99,164.89,160.49,161.46,964278.0
2025-06-10,163.4,164.3,161.32,162.94,774292.0
2025-06-11,165.0,166.89,164.0,165.16,1938183.0
2025-06-12,165.0,169.8,164.5,165.67,3992975.0
2025-06-13,164.01,164.88,161.5,162.57,1918468.0
2025-06-16,161.22,163.95,161.22,163.42,949307.0
2025-06-17,164.8,168.25,163.5,166.77,5191778.0
2025-06-18,166.75,168.95,164.01,165.19,1827120.0
2025-06-19,165.9,168.75,165.11,166.09,1011245.0
2025-06-20,166.5,167.5,165.6,166.3,532303.0
2025-06-23,165.0,165.8,160.05,161.59,816594.0
2025-06-24,166.0,169.0,165.0,168.49,2138870.0
2025-06-25,167.0,175.5,167.0,173.6,5944985.0
2025-06-26,173.6,174.0,169.0,169.1,2044629.0
2025-06-27,169.99,176.8,169.99,173.12,3202967.0
2025-06-30,174.0,179.99,173.5,179.19,3441747.0
2025-07-01,180.0,184.8,179.2,183.79,7442615.0
2025-07-02,184.5,192.5,184.45,189.2,6603701.0
2025-07-03,189.0,189.94,184.0,186.36,2102504.0
2025-07-04,185.8,197.51,184.3,196.71,4952704.0
2025-07-07,199.0,208.75,197.6,203.92,6311350.0
2025-07-08,205.0,206.79,202.11,203.84,1801109.0
2025-07-09,203.7,203.89,200.1,200.83,1434607.0
2025-07-10,200.83,205.0,200.01,204.27,2490100.0
2025-07-11,204.3,205.65,200.25,201.77,2145453.0
2025-07-14,202.5,221.95,201.8,220.79,8673875.0
2025-07-15,221.0,232.7,216.0,217.98,11574070.0
2025-07-16,217.98,220.49,214.0,216.17,3070646.0
2025-07-17,216.25,226.0,215.0,223.45,3176593.0
2025-07-18,223.45,226.0,220.0,222.42,2610289.0
2025-07-21,223.8,234.0,223.5,227.16,5321459.0
2025-07-22,227.59,239.49,227.59,237.2,10906148.0
2025-07-23,238.51,240.0,233.7,234.27,3665011.0
2025-07-24,234.0,235.5,226.11,228.02,2710121.0
2025-07-25,227.9,228.94,224.0,226.49,3281185.0
2025-07-28,226.0,227.0,219.52,223.2,2250610.0
2025-07-29,223.2,225.05,214.0,216.29,1463605.0
2025-07-30,216.6,225.5,216.36,223.23,2784711.0
2025-07-31,225.5,229.4,219.91,221.94,6469386.0
2025-08-01,222.0,234.0,220.5,231.37,6775996.0
2025-08-04,233.0,244.44,233.0,238.04,9247674.0
2025-08-05,235.98,239.5,234.99,236.97,2808951.0
2025-08-06,238.02,260.67,238.02,259.98,14442976.0
2025-08-07,262.01,274.9,260.52,267.41,10786603.0
2025-08-08,266.0,266.0,259.1,261.33,3172573.0
2025-08-11,261.0,267.5,261.0,265.65,3749318.0
2025-08-12,267.5,274.0,266.0,271.06,4502657.0
2025-08-13,272.49,279.49,270.25,275.76,3301172.0
